{
  "engine": "ours",
  "size": "7.2B",
  "dtype": "fp16",
  "model_path": "/data/models/rwkv7-7.2b-fla",
  "gpu": "NVIDIA GeForce RTX 5090",
  "baseline_vram_mib": 10,
  "weight_bytes": 14398283776,
  "weight_mib": 13731.3,
  "repeats": 7,
  "decode_tokens": 128,
  "prefill_len": 1024,
  "config": "cuda_graph=ON radix_cache=OFF dtype=fp16 mem_fraction=0.85",
  "rows": [
    {
      "bsz": 1,
      "decode_tok_s": {
        "median": 125.68715505822144,
        "p10": 125.60604026169044,
        "p90": 125.73186487442416,
        "n": 7,
        "runs": [
          125.731,
          125.621,
          125.733,
          125.584,
          125.687,
          125.625,
          125.724
        ]
      },
      "prefill_tok_s": {
        "median": 9234.350842618576,
        "p10": 9229.59300301726,
        "p90": 9237.341032483084,
        "n": 7,
        "runs": [
          9239.822,
          9234.351,
          9230.384,
          9234.776,
          9235.687,
          9228.407,
          9231.716
        ]
      },
      "ttft_ms": {
        "median": 110.89030701259617,
        "p10": 110.85441639879718,
        "p90": 110.94747199967969,
        "n": 7,
        "runs": [
          110.825,
          110.89,
          110.938,
          110.885,
          110.874,
          110.962,
          110.922
        ]
      },
      "peak_vram_mib": 25612,
      "footprint_mib": 25602
    },
    {
      "bsz": 8,
      "decode_tok_s": {
        "median": 678.4051546804277,
        "p10": 677.5675142863571,
        "p90": 678.9817792413141,
        "n": 7,
        "runs": [
          678.292,
          678.405,
          677.072,
          679.05,
          678.826,
          678.936,
          677.898
        ]
      },
      "prefill_tok_s": {
        "median": 11417.038133690032,
        "p10": 11414.415972291737,
        "p90": 11420.384483150656,
        "n": 7,
        "runs": [
          11417.038,
          11413.521,
          11416.093,
          11415.013,
          11419.268,
          11422.059,
          11417.993
        ]
      },
      "ttft_ms": {
        "median": 717.5240989890881,
        "p10": 717.313863596064,
        "p90": 717.6889341935748,
        "n": 7,
        "runs": [
          717.524,
          717.745,
          717.584,
          717.651,
          717.384,
          717.209,
          717.464
        ]
      },
      "peak_vram_mib": 25886,
      "footprint_mib": 25876
    },
    {
      "bsz": 32,
      "decode_tok_s": {
        "median": 2445.9132124028047,
        "p10": 2434.151655827193,
        "p90": 2447.246086139043,
        "n": 7,
        "runs": [
          2425.972,
          2447.305,
          2447.207,
          2439.605,
          2446.47,
          2445.913,
          2441.739
        ]
      },
      "prefill_tok_s": {
        "median": 11548.694233910097,
        "p10": 11542.734557861946,
        "p90": 11554.088524811825,
        "n": 7,
        "runs": [
          11540.509,
          11555.693,
          11553.019,
          11550.925,
          11547.866,
          11548.694,
          11544.218
        ]
      },
      "ttft_ms": {
        "median": 2837.377052012016,
        "p10": 2836.05239399767,
        "p90": 2838.8420999981463,
        "n": 7,
        "runs": [
          2839.389,
          2835.659,
          2836.315,
          2836.829,
          2837.581,
          2837.377,
          2838.477
        ]
      },
      "peak_vram_mib": 25886,
      "footprint_mib": 25876
    }
  ]
}