{
  "engine": "ours",
  "size": "7.2B",
  "dtype": "fp16",
  "model_path": "/models/rwkv7-7.2b-fla",
  "gpu": "NVIDIA GeForce RTX 3090",
  "baseline_vram_mib": 1,
  "weight_bytes": 14398283776,
  "weight_mib": 13731.3,
  "repeats": 7,
  "decode_tokens": 128,
  "prefill_len": 1024,
  "config": "cuda_graph=ON radix_cache=OFF dtype=fp16 mem_fraction=0.85",
  "rows": [
    {
      "bsz": 1,
      "decode_tok_s": {
        "median": 71.70009043795096,
        "p10": 71.54927755441469,
        "p90": 71.8928731382439,
        "n": 7,
        "runs": [
          71.975,
          71.7,
          71.338,
          71.838,
          71.69,
          71.692,
          71.745
        ]
      },
      "prefill_tok_s": {
        "median": 3322.3048490924893,
        "p10": 3305.7093372803083,
        "p90": 3350.0635620562502,
        "n": 7,
        "runs": [
          3358.617,
          3344.361,
          3324.707,
          3322.305,
          3310.061,
          3308.751,
          3301.146
        ]
      },
      "ttft_ms": {
        "median": 308.2197590265423,
        "p10": 305.66716955509037,
        "p90": 309.76749521214515,
        "n": 7,
        "runs": [
          304.887,
          306.187,
          307.997,
          308.22,
          309.36,
          309.482,
          310.195
        ]
      },
      "peak_vram_mib": 22208,
      "footprint_mib": 22207
    },
    {
      "bsz": 8,
      "decode_tok_s": {
        "median": 356.79142324959247,
        "p10": 348.33703808320445,
        "p90": 363.9737209069904,
        "n": 7,
        "runs": [
          363.985,
          362.859,
          363.966,
          356.791,
          356.659,
          348.797,
          347.647
        ]
      },
      "prefill_tok_s": {
        "median": 3099.2855841769956,
        "p10": 3002.6989871191104,
        "p90": 3239.9985692368164,
        "n": 7,
        "runs": [
          3259.839,
          3226.772,
          3136.521,
          3099.286,
          3017.9,
          3018.352,
          2979.898
        ]
      },
      "ttft_ms": {
        "median": 2643.18978600204,
        "p10": 2528.4592563752085,
        "p90": 2728.3173423958942,
        "n": 7,
        "runs": [
          2513.008,
          2538.76,
          2611.811,
          2643.19,
          2714.471,
          2714.064,
          2749.087
        ]
      },
      "peak_vram_mib": 22462,
      "footprint_mib": 22461
    },
    {
      "bsz": 32,
      "decode_tok_s": {
        "median": 345.2025548956789,
        "p10": 326.93714760905317,
        "p90": 354.2833297177343,
        "n": 7,
        "runs": [
          345.203,
          328.273,
          334.792,
          354.85,
          324.934,
          350.963,
          353.906
        ]
      },
      "prefill_tok_s": {
        "median": 3135.9365611192025,
        "p10": 3028.0013823282593,
        "p90": 3161.991654189784,
        "n": 7,
        "runs": [
          2925.225,
          3096.519,
          3145.916,
          3172.841,
          3135.937,
          3154.758,
          3125.441
        ]
      },
      "ttft_ms": {
        "median": 10449.190970975906,
        "p10": 10363.169956533238,
        "p90": 10830.072610429488,
        "n": 7,
        "runs": [
          11201.873,
          10582.206,
          10416.045,
          10327.651,
          10449.191,
          10386.849,
          10484.281
        ]
      },
      "peak_vram_mib": 22462,
      "footprint_mib": 22461
    }
  ]
}