{
  "engine": "ours",
  "size": "0.1B",
  "dtype": "fp16",
  "model_path": "/data/models/rwkv7-0.1b-fla",
  "gpu": "NVIDIA GeForce RTX 5090",
  "baseline_vram_mib": 10,
  "weight_bytes": 382069248,
  "weight_mib": 364.4,
  "repeats": 7,
  "decode_tokens": 128,
  "prefill_len": 1024,
  "config": "cuda_graph=ON radix_cache=OFF dtype=fp16 mem_fraction=0.85",
  "rows": [
    {
      "bsz": 1,
      "decode_tok_s": {
        "median": 1452.357797989406,
        "p10": 1447.3965306134053,
        "p90": 1457.201556562564,
        "n": 7,
        "runs": [
          1449.439,
          1449.865,
          1452.358,
          1456.812,
          1453.261,
          1457.786,
          1444.332
        ]
      },
      "prefill_tok_s": {
        "median": 84523.41593446866,
        "p10": 83197.34278084898,
        "p90": 85704.78328898818,
        "n": 7,
        "runs": [
          87334.055,
          84618.602,
          84149.608,
          82949.987,
          84523.416,
          83362.247,
          84525.732
        ]
      },
      "ttft_ms": {
        "median": 12.11498599150218,
        "p10": 11.950852393056266,
        "p90": 12.308158003725111,
        "n": 7,
        "runs": [
          11.725,
          12.101,
          12.169,
          12.345,
          12.115,
          12.284,
          12.115
        ]
      },
      "peak_vram_mib": 13980,
      "footprint_mib": 13970
    },
    {
      "bsz": 8,
      "decode_tok_s": {
        "median": 6985.004872464248,
        "p10": 6975.723843915185,
        "p90": 7023.7538743131145,
        "n": 7,
        "runs": [
          6983.908,
          6980.542,
          7035.981,
          7013.565,
          6985.005,
          7015.602,
          6968.497
        ]
      },
      "prefill_tok_s": {
        "median": 160736.95698650036,
        "p10": 160551.36616595727,
        "p90": 161545.63705706818,
        "n": 7,
        "runs": [
          161742.497,
          161414.397,
          160736.957,
          160910.148,
          160494.612,
          160615.673,
          160589.202
        ]
      },
      "ttft_ms": {
        "median": 50.96525499538984,
        "p10": 50.710178597364575,
        "p90": 51.02417299931403,
        "n": 7,
        "runs": [
          50.648,
          50.751,
          50.965,
          50.91,
          51.042,
          51.004,
          51.012
        ]
      },
      "peak_vram_mib": 14070,
      "footprint_mib": 14060
    },
    {
      "bsz": 32,
      "decode_tok_s": {
        "median": 6385.976897553425,
        "p10": 6367.113805195693,
        "p90": 6446.933029332601,
        "n": 7,
        "runs": [
          6499.269,
          6412.042,
          6366.544,
          6409.072,
          6367.494,
          6385.977,
          6377.511
        ]
      },
      "prefill_tok_s": {
        "median": 164696.63827030337,
        "p10": 164571.25930554743,
        "p90": 165084.2215408413,
        "n": 7,
        "runs": [
          164535.406,
          164653.712,
          164880.653,
          164595.162,
          164696.638,
          165202.323,
          165005.487
        ]
      },
      "ttft_ms": {
        "median": 198.95973800157662,
        "p10": 198.49268980324268,
        "p90": 199.11132220295258,
        "n": 7,
        "runs": [
          199.155,
          199.012,
          198.738,
          199.082,
          198.96,
          198.351,
          198.587
        ]
      },
      "peak_vram_mib": 14078,
      "footprint_mib": 14068
    }
  ]
}