{
  "engine": "ours",
  "size": "1.5B",
  "dtype": "fp16",
  "model_path": "/models/rwkv7-1.5b-fla",
  "gpu": "NVIDIA GeForce RTX 3090",
  "baseline_vram_mib": 1,
  "weight_bytes": 3054809088,
  "weight_mib": 2913.3,
  "repeats": 7,
  "decode_tokens": 128,
  "prefill_len": 1024,
  "config": "cuda_graph=ON radix_cache=OFF dtype=fp16 mem_fraction=0.85",
  "rows": [
    {
      "bsz": 1,
      "decode_tok_s": {
        "median": 259.7431677020186,
        "p10": 258.940551515701,
        "p90": 260.79339616798916,
        "n": 7,
        "runs": [
          259.303,
          261.245,
          259.743,
          260.492,
          259.459,
          260.059,
          258.397
        ]
      },
      "prefill_tok_s": {
        "median": 8744.999862048986,
        "p10": 8611.604183823136,
        "p90": 8875.283399601134,
        "n": 7,
        "runs": [
          8905.622,
          8694.388,
          8855.058,
          8745.0,
          8776.325,
          8564.133,
          8643.251
        ]
      },
      "ttft_ms": {
        "median": 117.09548498038203,
        "p10": 115.37749518174678,
        "p90": 118.91173361800611,
        "n": 7,
        "runs": [
          114.984,
          117.777,
          115.64,
          117.095,
          116.678,
          119.568,
          118.474
        ]
      },
      "peak_vram_mib": 12832,
      "footprint_mib": 12831
    },
    {
      "bsz": 8,
      "decode_tok_s": {
        "median": 1192.8426532216893,
        "p10": 1186.4992552271365,
        "p90": 1195.383475927985,
        "n": 7,
        "runs": [
          1195.299,
          1195.51,
          1195.146,
          1192.843,
          1190.81,
          1189.517,
          1181.972
        ]
      },
      "prefill_tok_s": {
        "median": 13850.011669578986,
        "p10": 13689.122091421672,
        "p90": 13936.377338660192,
        "n": 7,
        "runs": [
          13970.557,
          13913.591,
          13889.764,
          13849.42,
          13850.012,
          13797.06,
          13527.216
        ]
      },
      "ttft_ms": {
        "median": 591.4796460419893,
        "p10": 587.8165195928887,
        "p90": 598.4873981913552,
        "n": 7,
        "runs": [
          586.376,
          588.777,
          589.787,
          591.505,
          591.48,
          593.75,
          605.594
        ]
      },
      "peak_vram_mib": 12988,
      "footprint_mib": 12987
    },
    {
      "bsz": 32,
      "decode_tok_s": {
        "median": 490.62332318644417,
        "p10": 486.02417980836407,
        "p90": 491.93020832290927,
        "n": 7,
        "runs": [
          485.536,
          486.35,
          492.216,
          490.623,
          491.74,
          490.564,
          490.734
        ]
      },
      "prefill_tok_s": {
        "median": 13732.56049110011,
        "p10": 13548.20387348615,
        "p90": 13825.64511079125,
        "n": 7,
        "runs": [
          13327.984,
          13695.017,
          13816.997,
          13825.376,
          13826.048,
          13732.56,
          13711.42
        ]
      },
      "ttft_ms": {
        "median": 2386.1536980839446,
        "p10": 2370.0883218087256,
        "p90": 2419.0515984082595,
        "n": 7,
        "runs": [
          2458.586,
          2392.695,
          2371.572,
          2370.134,
          2370.019,
          2386.154,
          2389.833
        ]
      },
      "peak_vram_mib": 12988,
      "footprint_mib": 12987
    }
  ]
}