{
  "engine": "ours",
  "size": "1.5B",
  "dtype": "fp16",
  "model_path": "/data/models/rwkv7-1.5b-fla",
  "gpu": "NVIDIA GeForce RTX 5090",
  "baseline_vram_mib": 10,
  "weight_bytes": 3054809088,
  "weight_mib": 2913.3,
  "repeats": 7,
  "decode_tokens": 128,
  "prefill_len": 1024,
  "config": "cuda_graph=ON radix_cache=OFF dtype=fp16 mem_fraction=0.85",
  "rows": [
    {
      "bsz": 1,
      "decode_tok_s": {
        "median": 409.21301406531916,
        "p10": 408.39153534792274,
        "p90": 410.31501508143975,
        "n": 7,
        "runs": [
          408.951,
          410.183,
          410.513,
          409.673,
          409.213,
          408.563,
          408.135
        ]
      },
      "prefill_tok_s": {
        "median": 28199.340477853442,
        "p10": 28137.71733335757,
        "p90": 28312.810843331645,
        "n": 7,
        "runs": [
          28358.971,
          28274.954,
          28122.672,
          28199.34,
          28282.037,
          28188.214,
          28147.748
        ]
      },
      "ttft_ms": {
        "median": 36.31290599878412,
        "p10": 36.167437394033186,
        "p90": 36.39244019286707,
        "n": 7,
        "runs": [
          36.109,
          36.216,
          36.412,
          36.313,
          36.207,
          36.327,
          36.379
        ]
      },
      "peak_vram_mib": 16220,
      "footprint_mib": 16210
    },
    {
      "bsz": 8,
      "decode_tok_s": {
        "median": 1729.1399719722588,
        "p10": 1726.47338637369,
        "p90": 1730.1493962248169,
        "n": 7,
        "runs": [
          1726.651,
          1729.14,
          1730.574,
          1729.26,
          1729.866,
          1728.587,
          1726.207
        ]
      },
      "prefill_tok_s": {
        "median": 37648.485694793024,
        "p10": 37626.88070747911,
        "p90": 37734.92820625988,
        "n": 7,
        "runs": [
          37818.063,
          37636.542,
          37679.505,
          37619.663,
          37631.693,
          37648.486,
          37669.742
        ]
      },
      "ttft_ms": {
        "median": 217.59175299666822,
        "p10": 217.09399959945586,
        "p90": 217.71669739682693,
        "n": 7,
        "runs": [
          216.616,
          217.661,
          217.413,
          217.758,
          217.689,
          217.592,
          217.469
        ]
      },
      "peak_vram_mib": 16376,
      "footprint_mib": 16366
    },
    {
      "bsz": 32,
      "decode_tok_s": {
        "median": 3268.1866195829307,
        "p10": 3224.196786676657,
        "p90": 3284.4651921251125,
        "n": 7,
        "runs": [
          3230.452,
          3214.814,
          3268.187,
          3294.721,
          3277.392,
          3277.628,
          3239.069
        ]
      },
      "prefill_tok_s": {
        "median": 38417.19591259087,
        "p10": 38372.38883344275,
        "p90": 38436.06729476574,
        "n": 7,
        "runs": [
          38320.629,
          38406.895,
          38409.892,
          38422.212,
          38417.196,
          38424.855,
          38452.886
        ]
      },
      "ttft_ms": {
        "median": 852.9513729881728,
        "p10": 852.5326988019515,
        "p90": 853.9483925967943,
        "n": 7,
        "runs": [
          855.101,
          853.18,
          853.114,
          852.84,
          852.951,
          852.781,
          852.16
        ]
      },
      "peak_vram_mib": 16376,
      "footprint_mib": 16366
    }
  ]
}