{
  "engine": "ours",
  "size": "0.1B",
  "dtype": "fp16",
  "model_path": "/models/rwkv7-0.1b-fla",
  "gpu": "NVIDIA GeForce RTX 3090",
  "baseline_vram_mib": 1,
  "weight_bytes": 382069248,
  "weight_mib": 364.4,
  "repeats": 7,
  "decode_tokens": 128,
  "prefill_len": 1024,
  "config": "cuda_graph=ON radix_cache=OFF dtype=fp16 mem_fraction=0.85",
  "rows": [
    {
      "bsz": 1,
      "decode_tok_s": {
        "median": 531.6327535780072,
        "p10": 529.245079219007,
        "p90": 533.1750376854095,
        "n": 7,
        "runs": [
          527.746,
          533.694,
          531.702,
          530.244,
          532.829,
          531.633,
          530.956
        ]
      },
      "prefill_tok_s": {
        "median": 16596.71682791023,
        "p10": 16244.502106508138,
        "p90": 16652.670403482553,
        "n": 7,
        "runs": [
          16513.41,
          15953.06,
          16606.644,
          16658.381,
          16438.797,
          16648.863,
          16596.717
        ]
      },
      "ttft_ms": {
        "median": 61.69894989579916,
        "p10": 61.49164400994778,
        "p90": 63.05032304953784,
        "n": 7,
        "runs": [
          62.01,
          64.188,
          61.662,
          61.471,
          62.292,
          61.506,
          61.699
        ]
      },
      "peak_vram_mib": 10576,
      "footprint_mib": 10575
    },
    {
      "bsz": 8,
      "decode_tok_s": {
        "median": 4126.951980564088,
        "p10": 4113.041409960931,
        "p90": 4152.678417369307,
        "n": 7,
        "runs": [
          4135.179,
          4106.031,
          4160.775,
          4123.39,
          4147.281,
          4126.952,
          4117.715
        ]
      },
      "prefill_tok_s": {
        "median": 35126.93635134634,
        "p10": 33278.2605395396,
        "p90": 35323.95544883019,
        "n": 7,
        "runs": [
          35257.822,
          35126.936,
          34817.832,
          35003.879,
          30968.903,
          35423.156,
          35196.126
        ]
      },
      "ttft_ms": {
        "median": 233.21134294383228,
        "p10": 231.91182659938931,
        "p90": 246.97840793523937,
        "n": 7,
        "runs": [
          232.346,
          233.211,
          235.282,
          234.031,
          264.523,
          231.261,
          232.753
        ]
      },
      "peak_vram_mib": 10666,
      "footprint_mib": 10665
    },
    {
      "bsz": 32,
      "decode_tok_s": {
        "median": 923.9251219604397,
        "p10": 897.9508761379216,
        "p90": 928.3174362105643,
        "n": 7,
        "runs": [
          927.155,
          930.061,
          903.318,
          889.901,
          917.429,
          923.925,
          924.272
        ]
      },
      "prefill_tok_s": {
        "median": 35519.7502500078,
        "p10": 34906.611425557356,
        "p90": 35719.221180918285,
        "n": 7,
        "runs": [
          35904.202,
          35562.814,
          35595.901,
          35017.203,
          34740.724,
          35519.75,
          35504.603
        ]
      },
      "ttft_ms": {
        "median": 922.5290090544149,
        "p10": 917.3935992410406,
        "p90": 938.747498462908,
        "n": 7,
        "runs": [
          912.651,
          921.412,
          920.555,
          935.769,
          943.216,
          922.529,
          922.923
        ]
      },
      "peak_vram_mib": 10674,
      "footprint_mib": 10673
    }
  ]
}