bucket,tokens,mean_neg_log2_p
[0-64),480000,3.362114610746653
[64-128),480000,2.509084048426997
[128-256),958794,2.373577314876069
[256-512),1797091,2.1871247324488023
[512-1024),3045215,2.105510681099237
[1024-1536),2590013,2.0160420897853686
[1536-2048),2020353,1.8994293501058723
[2048-2560),1336324,1.9794154046735988
[2560-3072),457182,2.226246540465696
[3072-3584),3443,2.172960220565497
[3584+),0,nan
