{
  "model": "rwkv7-1.5b-fla",
  "ctx_len": 4000,
  "max_docs": 0,
  "datasets": {
    "ao3_english": {
      "neg_log_prob_sum": 5354.563237833697,
      "avg tokens": 2185.918,
      "avg character count": 9041.522,
      "avg bytes": 9213.662,
      "sample_count": 500,
      "total_nll_nats": 2677281.618916848,
      "total_bytes": 4606831,
      "bpc": 0.8543917527766923,
      "bpb": 0.8384290447543035,
      "compression_rate": 10.480363059428793
    },
    "ao3_nonenglish": {
      "neg_log_prob_sum": 3744.6270428985517,
      "avg tokens": 1657.484,
      "avg character count": 2942.368,
      "avg bytes": 5245.572,
      "sample_count": 500,
      "total_nll_nats": 1872313.5214492758,
      "total_bytes": 2622786,
      "bpc": 1.836056830678027,
      "bpb": 1.0298886117221238,
      "compression_rate": 12.873607646526548
    },
    "arxiv_cs": {
      "neg_log_prob_sum": 5007.39202018915,
      "avg tokens": 2505.628,
      "avg character count": 11865.894,
      "avg bytes": 11874.246,
      "sample_count": 500,
      "total_nll_nats": 2503696.0100945747,
      "total_bytes": 5937123,
      "bpc": 0.6088154533753507,
      "bpb": 0.6083872302556182,
      "compression_rate": 7.604840378195228
    },
    "arxiv_math": {
      "neg_log_prob_sum": 3433.6041345997924,
      "avg tokens": 2245.17,
      "avg character count": 8435.788,
      "avg bytes": 8440.04,
      "sample_count": 500,
      "total_nll_nats": 1716802.0672998962,
      "total_bytes": 4220020,
      "bpc": 0.5872176561766324,
      "bpb": 0.5869218223329464,
      "compression_rate": 7.336522779161831
    },
    "arxiv_other": {
      "neg_log_prob_sum": 4362.65615928243,
      "avg tokens": 2386.452,
      "avg character count": 10817.836,
      "avg bytes": 10825.358,
      "sample_count": 500,
      "total_nll_nats": 2181328.079641215,
      "total_bytes": 5412679,
      "bpc": 0.5818152915333948,
      "bpb": 0.5814110171784115,
      "compression_rate": 7.267637714730143
    },
    "arxiv_physics": {
      "neg_log_prob_sum": 4683.928058465178,
      "avg tokens": 2638.652,
      "avg character count": 11165.434,
      "avg bytes": 11170.952,
      "sample_count": 500,
      "total_nll_nats": 2341964.029232589,
      "total_bytes": 5585476,
      "bpc": 0.6052142515757456,
      "bpb": 0.6049153001309452,
      "compression_rate": 7.561441251636815
    },
    "bbc_news": {
      "neg_log_prob_sum": 1394.2455054359984,
      "avg tokens": 602.084,
      "avg character count": 2745.97,
      "avg bytes": 2748.114,
      "sample_count": 500,
      "total_nll_nats": 697122.7527179993,
      "total_bytes": 1374057,
      "bpc": 0.7325174989072136,
      "bpb": 0.7319460096903699,
      "compression_rate": 9.149325121129625
    },
    "biorxiv_all": {
      "neg_log_prob_sum": 4873.647954099118,
      "avg tokens": 2562.3,
      "avg character count": 11560.664,
      "avg bytes": 11566.146,
      "sample_count": 500,
      "total_nll_nats": 2436823.977049559,
      "total_bytes": 5783073,
      "bpc": 0.6081992984501098,
      "bpb": 0.6079110305556785,
      "compression_rate": 7.5988878819459815
    },
    "github_cpp": {
      "neg_log_prob_sum": 1193.502393330588,
      "avg tokens": 1486.492,
      "avg character count": 4752.824,
      "avg bytes": 4844.66,
      "sample_count": 500,
      "total_nll_nats": 596751.196665294,
      "total_bytes": 2422330,
      "bpc": 0.3622814529103431,
      "bpb": 0.35541399894877007,
      "compression_rate": 4.442674986859626
    },
    "github_javascript": {
      "neg_log_prob_sum": 1366.1204228987356,
      "avg tokens": 1541.046,
      "avg character count": 5202.974,
      "avg bytes": 5367.664,
      "sample_count": 500,
      "total_nll_nats": 683060.2114493678,
      "total_bytes": 2683832,
      "bpc": 0.37880165447168085,
      "bpb": 0.3671793091693406,
      "compression_rate": 4.589741364616757
    },
    "github_markdown": {
      "neg_log_prob_sum": 2524.6926280816047,
      "avg tokens": 1565.416,
      "avg character count": 4927.866,
      "avg bytes": 5355.16,
      "sample_count": 500,
      "total_nll_nats": 1262346.3140408024,
      "total_bytes": 2677580,
      "bpc": 0.7391356693348105,
      "bpb": 0.6801592360083089,
      "compression_rate": 8.501990450103861
    },
    "github_other": {
      "neg_log_prob_sum": 1366.83400274145,
      "avg tokens": 1614.406,
      "avg character count": 5229.94,
      "avg bytes": 5324.37,
      "sample_count": 500,
      "total_nll_nats": 683417.001370725,
      "total_bytes": 2662185,
      "bpc": 0.3770453652381292,
      "bpb": 0.3703583029491755,
      "compression_rate": 4.629478786864693
    },
    "github_python": {
      "neg_log_prob_sum": 1374.1229518831792,
      "avg tokens": 1506.072,
      "avg character count": 5274.818,
      "avg bytes": 5432.234,
      "sample_count": 500,
      "total_nll_nats": 687061.4759415896,
      "total_bytes": 2716117,
      "bpc": 0.37583104635146963,
      "bpb": 0.36494016425904446,
      "compression_rate": 4.561752053238056
    },
    "wikipedia_english": {
      "neg_log_prob_sum": 1541.971079523429,
      "avg tokens": 727.702,
      "avg character count": 3127.092,
      "avg bytes": 3143.596,
      "sample_count": 500,
      "total_nll_nats": 770985.5397617144,
      "total_bytes": 1571798,
      "bpc": 0.7113938539776419,
      "bpb": 0.7076590088620333,
      "compression_rate": 8.845737610775416
    },
    "wikipedia_nonenglish": {
      "neg_log_prob_sum": 1666.5227749810722,
      "avg tokens": 1112.008,
      "avg character count": 2498.564,
      "avg bytes": 3509.576,
      "sample_count": 500,
      "total_nll_nats": 833261.3874905361,
      "total_bytes": 1754788,
      "bpc": 0.9622663830078824,
      "bpb": 0.6850639914889167,
      "compression_rate": 8.56329989361146
    }
  },
  "overall": {
    "mean_compression_rate": 7.600486731921655,
    "pooled_compression_rate": 7.605804273366237,
    "pooled_bpb": 0.608464341869299,
    "total_docs": 7500,
    "wall_time_s": 1304.9524960517883
  },
  "position_curve": [
    {
      "bucket": "[0-64)",
      "tokens": 480000,
      "mean_neg_log2_p": 3.6534121632139627
    },
    {
      "bucket": "[64-128)",
      "tokens": 480000,
      "mean_neg_log2_p": 2.8016966503679024
    },
    {
      "bucket": "[128-256)",
      "tokens": 958794,
      "mean_neg_log2_p": 2.6576941029060617
    },
    {
      "bucket": "[256-512)",
      "tokens": 1797091,
      "mean_neg_log2_p": 2.460686156799868
    },
    {
      "bucket": "[512-1024)",
      "tokens": 3045215,
      "mean_neg_log2_p": 2.3705592858517344
    },
    {
      "bucket": "[1024+)",
      "tokens": 6407315,
      "mean_neg_log2_p": 2.2429422291240226
    }
  ],
  "methodology": "uncheatable_eval (Jellyfish042) via sglang /generate input_token_logprobs"
}