{
  "model": "/models/rwkv7-1.5b-w8g64",
  "ctx_len": 4000,
  "max_docs": 0,
  "datasets": {
    "ao3_english": {
      "neg_log_prob_sum": 5355.617578778378,
      "avg tokens": 2185.918,
      "avg character count": 9041.522,
      "avg bytes": 9213.662,
      "sample_count": 500,
      "total_nll_nats": 2677808.789389189,
      "total_bytes": 4606831,
      "bpc": 0.8545599868917337,
      "bpb": 0.8385941357303234,
      "compression_rate": 10.482426696629043
    },
    "ao3_nonenglish": {
      "neg_log_prob_sum": 3745.117247400898,
      "avg tokens": 1657.484,
      "avg character count": 2942.368,
      "avg bytes": 5245.572,
      "sample_count": 500,
      "total_nll_nats": 1872558.623700449,
      "total_bytes": 2622786,
      "bpc": 1.8362971866105806,
      "bpb": 1.0300234331685851,
      "compression_rate": 12.875292914607314
    },
    "arxiv_cs": {
      "neg_log_prob_sum": 5008.690079128647,
      "avg tokens": 2505.628,
      "avg character count": 11865.894,
      "avg bytes": 11874.246,
      "sample_count": 500,
      "total_nll_nats": 2504345.0395643236,
      "total_bytes": 5937123,
      "bpc": 0.6089732757185129,
      "bpb": 0.6085449415911249,
      "compression_rate": 7.606811769889061
    },
    "arxiv_math": {
      "neg_log_prob_sum": 3434.173699243362,
      "avg tokens": 2245.17,
      "avg character count": 8435.788,
      "avg bytes": 8440.04,
      "sample_count": 500,
      "total_nll_nats": 1717086.849621681,
      "total_bytes": 4220020,
      "bpc": 0.587315063566048,
      "bpb": 0.5870191806495828,
      "compression_rate": 7.337739758119785
    },
    "arxiv_other": {
      "neg_log_prob_sum": 4363.675248644395,
      "avg tokens": 2386.452,
      "avg character count": 10817.836,
      "avg bytes": 10825.358,
      "sample_count": 500,
      "total_nll_nats": 2181837.6243221974,
      "total_bytes": 5412679,
      "bpc": 0.5819511999691235,
      "bpb": 0.5815468311781635,
      "compression_rate": 7.269335389727044
    },
    "arxiv_physics": {
      "neg_log_prob_sum": 4684.920605366762,
      "avg tokens": 2638.652,
      "avg character count": 11165.434,
      "avg bytes": 11170.952,
      "sample_count": 500,
      "total_nll_nats": 2342460.302683381,
      "total_bytes": 5585476,
      "bpc": 0.6053424993888413,
      "bpb": 0.6050434845947908,
      "compression_rate": 7.563043557434885
    },
    "bbc_news": {
      "neg_log_prob_sum": 1394.7311785672605,
      "avg tokens": 602.084,
      "avg character count": 2745.97,
      "avg bytes": 2748.114,
      "sample_count": 500,
      "total_nll_nats": 697365.5892836303,
      "total_bytes": 1374057,
      "bpc": 0.7327726649206677,
      "bpb": 0.7322009766305931,
      "compression_rate": 9.152512207882415
    },
    "biorxiv_all": {
      "neg_log_prob_sum": 4874.865431571976,
      "avg tokens": 2562.3,
      "avg character count": 11560.664,
      "avg bytes": 11566.146,
      "sample_count": 500,
      "total_nll_nats": 2437432.715785988,
      "total_bytes": 5783073,
      "bpc": 0.6083512316532965,
      "bpb": 0.6080628917471668,
      "compression_rate": 7.600786146839584
    },
    "github_cpp": {
      "neg_log_prob_sum": 1193.9145098953572,
      "avg tokens": 1486.492,
      "avg character count": 4752.824,
      "avg bytes": 4844.66,
      "sample_count": 500,
      "total_nll_nats": 596957.2549476787,
      "total_bytes": 2422330,
      "bpc": 0.3624065487532063,
      "bpb": 0.35553672345869664,
      "compression_rate": 4.444209043233708
    },
    "github_javascript": {
      "neg_log_prob_sum": 1366.8051822782236,
      "avg tokens": 1541.046,
      "avg character count": 5202.974,
      "avg bytes": 5367.664,
      "sample_count": 500,
      "total_nll_nats": 683402.5911391118,
      "total_bytes": 2683832,
      "bpc": 0.37899152644893647,
      "bpb": 0.36736335551817867,
      "compression_rate": 4.592041943977233
    },
    "github_markdown": {
      "neg_log_prob_sum": 2525.5225633469936,
      "avg tokens": 1565.416,
      "avg character count": 4927.866,
      "avg bytes": 5355.16,
      "sample_count": 500,
      "total_nll_nats": 1262761.2816734968,
      "total_bytes": 2677580,
      "bpc": 0.7393786433709623,
      "bpb": 0.6803828228837029,
      "compression_rate": 8.504785286046285
    },
    "github_other": {
      "neg_log_prob_sum": 1367.6774345528406,
      "avg tokens": 1614.406,
      "avg character count": 5229.94,
      "avg bytes": 5324.37,
      "sample_count": 500,
      "total_nll_nats": 683838.7172764203,
      "total_bytes": 2662185,
      "bpc": 0.37727802849843844,
      "bpb": 0.3705868398261434,
      "compression_rate": 4.6323354978267925
    },
    "github_python": {
      "neg_log_prob_sum": 1374.7784042987569,
      "avg tokens": 1506.072,
      "avg character count": 5274.818,
      "avg bytes": 5432.234,
      "sample_count": 500,
      "total_nll_nats": 687389.2021493785,
      "total_bytes": 2716117,
      "bpc": 0.3760103166029726,
      "bpb": 0.36511423959333467,
      "compression_rate": 4.563927994916684
    },
    "wikipedia_english": {
      "neg_log_prob_sum": 1542.2856215074316,
      "avg tokens": 727.702,
      "avg character count": 3127.092,
      "avg bytes": 3143.596,
      "sample_count": 500,
      "total_nll_nats": 771142.8107537158,
      "total_bytes": 1571798,
      "bpc": 0.7115389690431636,
      "bpb": 0.7078033620678753,
      "compression_rate": 8.84754202584844
    },
    "wikipedia_nonenglish": {
      "neg_log_prob_sum": 1666.840743058649,
      "avg tokens": 1112.008,
      "avg character count": 2498.564,
      "avg bytes": 3509.576,
      "sample_count": 500,
      "total_nll_nats": 833420.3715293244,
      "total_bytes": 1754788,
      "bpc": 0.9624499808539576,
      "bpb": 0.6851946998618602,
      "compression_rate": 8.564933748273253
    }
  },
  "overall": {
    "mean_compression_rate": 7.6025149320834355,
    "pooled_compression_rate": 7.607742646364171,
    "pooled_bpb": 0.6086194117091337,
    "total_docs": 7500,
    "wall_time_s": 1316.6125853061676
  },
  "position_curve": [
    {
      "bucket": "[0-64)",
      "tokens": 480000,
      "mean_neg_log2_p": 3.6557088418910952
    },
    {
      "bucket": "[64-128)",
      "tokens": 480000,
      "mean_neg_log2_p": 2.8024976395891747
    },
    {
      "bucket": "[128-256)",
      "tokens": 958794,
      "mean_neg_log2_p": 2.65834513007777
    },
    {
      "bucket": "[256-512)",
      "tokens": 1797091,
      "mean_neg_log2_p": 2.4613078015657397
    },
    {
      "bucket": "[512-1024)",
      "tokens": 3045215,
      "mean_neg_log2_p": 2.3711563057479594
    },
    {
      "bucket": "[1024+)",
      "tokens": 6407315,
      "mean_neg_log2_p": 2.243413893267703
    }
  ],
  "methodology": "uncheatable_eval (Jellyfish042) via sglang /generate input_token_logprobs"
}