{
  "model": "/models/rwkv7-1.5b-fla",
  "ctx_len": 4000,
  "max_docs": 0,
  "datasets": {
    "ao3_english": {
      "neg_log_prob_sum": 5354.563418783807,
      "avg tokens": 2185.918,
      "avg character count": 9041.522,
      "avg bytes": 9213.662,
      "sample_count": 500,
      "total_nll_nats": 2677281.7093919036,
      "total_bytes": 4606831,
      "bpc": 0.8543917816496881,
      "bpb": 0.8384290730878615,
      "compression_rate": 10.480363413598269
    },
    "ao3_nonenglish": {
      "neg_log_prob_sum": 3744.6275672392576,
      "avg tokens": 1657.484,
      "avg character count": 2942.368,
      "avg bytes": 5245.572,
      "sample_count": 500,
      "total_nll_nats": 1872313.7836196288,
      "total_bytes": 2622786,
      "bpc": 1.8360570877715434,
      "bpb": 1.0298887559320853,
      "compression_rate": 12.873609449151067
    },
    "arxiv_cs": {
      "neg_log_prob_sum": 5007.392020189146,
      "avg tokens": 2505.628,
      "avg character count": 11865.894,
      "avg bytes": 11874.246,
      "sample_count": 500,
      "total_nll_nats": 2503696.010094573,
      "total_bytes": 5937123,
      "bpc": 0.6088154533753504,
      "bpb": 0.6083872302556179,
      "compression_rate": 7.604840378195224
    },
    "arxiv_math": {
      "neg_log_prob_sum": 3433.6041345997946,
      "avg tokens": 2245.17,
      "avg character count": 8435.788,
      "avg bytes": 8440.04,
      "sample_count": 500,
      "total_nll_nats": 1716802.0672998973,
      "total_bytes": 4220020,
      "bpc": 0.5872176561766327,
      "bpb": 0.5869218223329468,
      "compression_rate": 7.336522779161834
    },
    "arxiv_other": {
      "neg_log_prob_sum": 4362.65615928243,
      "avg tokens": 2386.452,
      "avg character count": 10817.836,
      "avg bytes": 10825.358,
      "sample_count": 500,
      "total_nll_nats": 2181328.079641215,
      "total_bytes": 5412679,
      "bpc": 0.5818152915333948,
      "bpb": 0.5814110171784115,
      "compression_rate": 7.267637714730143
    },
    "arxiv_physics": {
      "neg_log_prob_sum": 4683.928058465177,
      "avg tokens": 2638.652,
      "avg character count": 11165.434,
      "avg bytes": 11170.952,
      "sample_count": 500,
      "total_nll_nats": 2341964.0292325886,
      "total_bytes": 5585476,
      "bpc": 0.6052142515757454,
      "bpb": 0.6049153001309452,
      "compression_rate": 7.561441251636815
    },
    "bbc_news": {
      "neg_log_prob_sum": 1394.2434652337652,
      "avg tokens": 602.084,
      "avg character count": 2745.97,
      "avg bytes": 2748.114,
      "sample_count": 500,
      "total_nll_nats": 697121.7326168825,
      "total_bytes": 1374057,
      "bpc": 0.7325164270128942,
      "bpb": 0.7319449386323118,
      "compression_rate": 9.149311732903897
    },
    "biorxiv_all": {
      "neg_log_prob_sum": 4873.64795409912,
      "avg tokens": 2562.3,
      "avg character count": 11560.664,
      "avg bytes": 11566.146,
      "sample_count": 500,
      "total_nll_nats": 2436823.9770495603,
      "total_bytes": 5783073,
      "bpc": 0.60819929845011,
      "bpb": 0.6079110305556789,
      "compression_rate": 7.598887881945986
    },
    "github_cpp": {
      "neg_log_prob_sum": 1193.5023933305888,
      "avg tokens": 1486.492,
      "avg character count": 4752.824,
      "avg bytes": 4844.66,
      "sample_count": 500,
      "total_nll_nats": 596751.1966652944,
      "total_bytes": 2422330,
      "bpc": 0.3622814529103433,
      "bpb": 0.3554139989487703,
      "compression_rate": 4.442674986859629
    },
    "github_javascript": {
      "neg_log_prob_sum": 1366.1200481651429,
      "avg tokens": 1541.046,
      "avg character count": 5202.974,
      "avg bytes": 5367.664,
      "sample_count": 500,
      "total_nll_nats": 683060.0240825714,
      "total_bytes": 2683832,
      "bpc": 0.3788015505645124,
      "bpb": 0.367179208450239,
      "compression_rate": 4.589740105627987
    },
    "github_markdown": {
      "neg_log_prob_sum": 2524.6930448164367,
      "avg tokens": 1565.416,
      "avg character count": 4927.866,
      "avg bytes": 5355.16,
      "sample_count": 500,
      "total_nll_nats": 1262346.5224082184,
      "total_bytes": 2677580,
      "bpc": 0.7391357913391984,
      "bpb": 0.680159348277835,
      "compression_rate": 8.501991853472937
    },
    "github_other": {
      "neg_log_prob_sum": 1366.8341799708944,
      "avg tokens": 1614.406,
      "avg character count": 5229.94,
      "avg bytes": 5324.37,
      "sample_count": 500,
      "total_nll_nats": 683417.0899854472,
      "total_bytes": 2662185,
      "bpc": 0.3770454141274169,
      "bpb": 0.37035835097139047,
      "compression_rate": 4.629479387142381
    },
    "github_python": {
      "neg_log_prob_sum": 1374.1223520505093,
      "avg tokens": 1506.072,
      "avg character count": 5274.818,
      "avg bytes": 5432.234,
      "sample_count": 500,
      "total_nll_nats": 687061.1760252547,
      "total_bytes": 2716117,
      "bpc": 0.3758308822935594,
      "bpb": 0.36494000495522616,
      "compression_rate": 4.561750061940327
    },
    "wikipedia_english": {
      "neg_log_prob_sum": 1541.9760929238932,
      "avg tokens": 727.702,
      "avg character count": 3127.092,
      "avg bytes": 3143.596,
      "sample_count": 500,
      "total_nll_nats": 770988.0464619467,
      "total_bytes": 1571798,
      "bpc": 0.7113961669278167,
      "bpb": 0.7076613096691305,
      "compression_rate": 8.845766370864132
    },
    "wikipedia_nonenglish": {
      "neg_log_prob_sum": 1666.5238977086908,
      "avg tokens": 1112.008,
      "avg character count": 2498.564,
      "avg bytes": 3509.576,
      "sample_count": 500,
      "total_nll_nats": 833261.9488543454,
      "total_bytes": 1754788,
      "bpc": 0.962267031281678,
      "bpb": 0.6850644530129207,
      "compression_rate": 8.56330566266151
    }
  },
  "overall": {
    "mean_compression_rate": 7.600488201992809,
    "pooled_compression_rate": 7.605805039452646,
    "pooled_bpb": 0.6084644031562116,
    "total_docs": 7500,
    "wall_time_s": 1278.2213895320892
  },
  "position_curve": [
    {
      "bucket": "[0-64)",
      "tokens": 480000,
      "mean_neg_log2_p": 3.653410687778308
    },
    {
      "bucket": "[64-128)",
      "tokens": 480000,
      "mean_neg_log2_p": 2.8016967756682094
    },
    {
      "bucket": "[128-256)",
      "tokens": 958794,
      "mean_neg_log2_p": 2.657697337183097
    },
    {
      "bucket": "[256-512)",
      "tokens": 1797091,
      "mean_neg_log2_p": 2.4606869734896586
    },
    {
      "bucket": "[512-1024)",
      "tokens": 3045215,
      "mean_neg_log2_p": 2.3705589425151525
    },
    {
      "bucket": "[1024+)",
      "tokens": 6407315,
      "mean_neg_log2_p": 2.2429422780879067
    }
  ],
  "methodology": "uncheatable_eval (Jellyfish042) via sglang /generate input_token_logprobs"
}