{
  "model": "rwkv7-7.2b-fla",
  "ctx_len": 4000,
  "max_docs": 0,
  "reset_token_id": 0,
  "datasets": {
    "ao3_english": {
      "neg_log_prob_sum": 4927.10061828006,
      "avg tokens": 2185.918,
      "avg character count": 9041.522,
      "avg bytes": 9213.662,
      "sample_count": 500,
      "total_nll_nats": 2463550.3091400303,
      "total_bytes": 4606831,
      "bpc": 0.7861844087702919,
      "bpb": 0.7714960270903781,
      "compression_rate": 9.643700338629726
    },
    "ao3_nonenglish": {
      "neg_log_prob_sum": 3392.3954371156515,
      "avg tokens": 1657.484,
      "avg character count": 2942.368,
      "avg bytes": 5245.572,
      "sample_count": 500,
      "total_nll_nats": 1696197.7185578258,
      "total_bytes": 2622786,
      "bpc": 1.6633514481740888,
      "bpb": 0.9330139923465158,
      "compression_rate": 11.662674904331448
    },
    "arxiv_cs": {
      "neg_log_prob_sum": 4505.715493950922,
      "avg tokens": 2505.628,
      "avg character count": 11865.894,
      "avg bytes": 11874.246,
      "sample_count": 500,
      "total_nll_nats": 2252857.746975461,
      "total_bytes": 5937123,
      "bpc": 0.5478199450272825,
      "bpb": 0.5474346243777973,
      "compression_rate": 6.842932804722467
    },
    "arxiv_math": {
      "neg_log_prob_sum": 3048.6191477305206,
      "avg tokens": 2245.17,
      "avg character count": 8435.788,
      "avg bytes": 8440.04,
      "sample_count": 500,
      "total_nll_nats": 1524309.5738652602,
      "total_bytes": 4220020,
      "bpc": 0.52137722356109,
      "bpb": 0.5211145594084814,
      "compression_rate": 6.513931992606017
    },
    "arxiv_other": {
      "neg_log_prob_sum": 3915.9795026062525,
      "avg tokens": 2386.452,
      "avg character count": 10817.836,
      "avg bytes": 10825.358,
      "sample_count": 500,
      "total_nll_nats": 1957989.7513031263,
      "total_bytes": 5412679,
      "bpc": 0.5222453186231396,
      "bpb": 0.5218824364637983,
      "compression_rate": 6.523530455797479
    },
    "arxiv_physics": {
      "neg_log_prob_sum": 4193.460174358635,
      "avg tokens": 2638.652,
      "avg character count": 11165.434,
      "avg bytes": 11170.952,
      "sample_count": 500,
      "total_nll_nats": 2096730.0871793176,
      "total_bytes": 5585476,
      "bpc": 0.5418404871420646,
      "bpb": 0.5415728397823723,
      "compression_rate": 6.769660497279653
    },
    "bbc_news": {
      "neg_log_prob_sum": 1273.8027013747553,
      "avg tokens": 602.084,
      "avg character count": 2745.97,
      "avg bytes": 2748.114,
      "sample_count": 500,
      "total_nll_nats": 636901.3506873776,
      "total_bytes": 1374057,
      "bpc": 0.669238498725159,
      "bpb": 0.6687163779757043,
      "compression_rate": 8.358954724696304
    },
    "biorxiv_all": {
      "neg_log_prob_sum": 4423.047992095075,
      "avg tokens": 2562.3,
      "avg character count": 11560.664,
      "avg bytes": 11566.146,
      "sample_count": 500,
      "total_nll_nats": 2211523.9960475373,
      "total_bytes": 5783073,
      "bpc": 0.5519673786738765,
      "bpb": 0.5517057629922233,
      "compression_rate": 6.896322037402792
    },
    "github_cpp": {
      "neg_log_prob_sum": 993.1979265831271,
      "avg tokens": 1486.492,
      "avg character count": 4752.824,
      "avg bytes": 4844.66,
      "sample_count": 500,
      "total_nll_nats": 496598.96329156356,
      "total_bytes": 2422330,
      "bpc": 0.3014800723322973,
      "bpb": 0.29576517718532946,
      "compression_rate": 3.6970647148166185
    },
    "github_javascript": {
      "neg_log_prob_sum": 1121.6217577163422,
      "avg tokens": 1541.046,
      "avg character count": 5202.974,
      "avg bytes": 5367.664,
      "sample_count": 500,
      "total_nll_nats": 560810.8788581712,
      "total_bytes": 2683832,
      "bpc": 0.3110063874258317,
      "bpb": 0.3014641280844944,
      "compression_rate": 3.76830160105618
    },
    "github_markdown": {
      "neg_log_prob_sum": 2165.5681728378663,
      "avg tokens": 1565.416,
      "avg character count": 4927.866,
      "avg bytes": 5355.16,
      "sample_count": 500,
      "total_nll_nats": 1082784.0864189332,
      "total_bytes": 2677580,
      "bpc": 0.6339974471018821,
      "bpb": 0.5834101060771598,
      "compression_rate": 7.2926263259644974
    },
    "github_other": {
      "neg_log_prob_sum": 1131.9198864054938,
      "avg tokens": 1614.406,
      "avg character count": 5229.94,
      "avg bytes": 5324.37,
      "sample_count": 500,
      "total_nll_nats": 565959.9432027469,
      "total_bytes": 2662185,
      "bpc": 0.3122435834447058,
      "bpb": 0.30670580872493924,
      "compression_rate": 3.8338226090617407
    },
    "github_python": {
      "neg_log_prob_sum": 1150.6382126276728,
      "avg tokens": 1506.072,
      "avg character count": 5274.818,
      "avg bytes": 5432.234,
      "sample_count": 500,
      "total_nll_nats": 575319.1063138364,
      "total_bytes": 2716117,
      "bpc": 0.31470660091310904,
      "bpb": 0.3055869911375843,
      "compression_rate": 3.8198373892198036
    },
    "wikipedia_english": {
      "neg_log_prob_sum": 1381.629570490891,
      "avg tokens": 727.702,
      "avg character count": 3127.092,
      "avg bytes": 3143.596,
      "sample_count": 500,
      "total_nll_nats": 690814.7852454454,
      "total_bytes": 1571798,
      "bpc": 0.6374197272394789,
      "bpb": 0.6340732491365801,
      "compression_rate": 7.925915614207252
    },
    "wikipedia_nonenglish": {
      "neg_log_prob_sum": 1421.190406635983,
      "avg tokens": 1112.008,
      "avg character count": 2498.564,
      "avg bytes": 3509.576,
      "sample_count": 500,
      "total_nll_nats": 710595.2033179915,
      "total_bytes": 1754788,
      "bpc": 0.8206090985913117,
      "bpb": 0.5842142617264029,
      "compression_rate": 7.302678271580036
    }
  },
  "overall": {
    "mean_compression_rate": 6.723463618758134,
    "pooled_compression_rate": 6.766598206632235,
    "pooled_bpb": 0.5413278565305788,
    "total_docs": 7500,
    "wall_time_s": 4046.0465087890625
  },
  "position_curve": [
    {
      "bucket": "[0-64)",
      "tokens": 480000,
      "mean_neg_log2_p": 3.3621167355229398
    },
    {
      "bucket": "[64-128)",
      "tokens": 480000,
      "mean_neg_log2_p": 2.509084399527968
    },
    {
      "bucket": "[128-256)",
      "tokens": 958794,
      "mean_neg_log2_p": 2.3735773329734644
    },
    {
      "bucket": "[256-512)",
      "tokens": 1797091,
      "mean_neg_log2_p": 2.187122370654141
    },
    {
      "bucket": "[512-1024)",
      "tokens": 3045215,
      "mean_neg_log2_p": 2.1055118986954358
    },
    {
      "bucket": "[1024-1536)",
      "tokens": 2590013,
      "mean_neg_log2_p": 2.016041471454302
    },
    {
      "bucket": "[1536-2048)",
      "tokens": 2020353,
      "mean_neg_log2_p": 1.899425616908927
    },
    {
      "bucket": "[2048-2560)",
      "tokens": 1336324,
      "mean_neg_log2_p": 1.9794167280168413
    },
    {
      "bucket": "[2560-3072)",
      "tokens": 457182,
      "mean_neg_log2_p": 2.2262554022697874
    },
    {
      "bucket": "[3072-3584)",
      "tokens": 3443,
      "mean_neg_log2_p": 2.1729121737031387
    },
    {
      "bucket": "[3584+)",
      "tokens": 0,
      "mean_neg_log2_p": NaN
    }
  ],
  "methodology": "uncheatable_eval (Jellyfish042) via sglang /generate input_token_logprobs"
}