{
  "engine": "ours",
  "size": "0.1B",
  "dtype": "fp16",
  "model_path": "/home/user/rwkv_models/rwkv7-0.1b-fla",
  "gpu": "NVIDIA GeForce RTX 3090",
  "baseline_vram_mib": 1,
  "weight_bytes": 382069248,
  "weight_mib": 364.4,
  "repeats": 7,
  "decode_tokens": 128,
  "prefill_len": 1024,
  "config": "cuda_graph=ON radix_cache=OFF dtype=fp16 mem_fraction=0.30",
  "rows": [
    {
      "bsz": 1,
      "decode_tok_s": {
        "median": 570.2856525013545,
        "p10": 548.3670250470733,
        "p90": 575.7039421657786,
        "n": 7,
        "runs": [
          557.597,
          571.247,
          566.014,
          577.978,
          570.286,
          534.522,
          574.188
        ]
      },
      "prefill_tok_s": {
        "median": 18034.133920693697,
        "p10": 17897.846957551625,
        "p90": 18222.463491061597,
        "n": 7,
        "runs": [
          18210.054,
          18034.134,
          18241.077,
          18021.967,
          18100.063,
          17843.603,
          17934.01
        ]
      },
      "ttft_ms": {
        "median": 56.78121303208172,
        "p10": 56.194416992366314,
        "p90": 57.21393637359142,
        "n": 7,
        "runs": [
          56.233,
          56.781,
          56.137,
          56.82,
          56.574,
          57.388,
          57.098
        ]
      },
      "peak_vram_mib": 4256,
      "footprint_mib": 4255
    },
    {
      "bsz": 8,
      "decode_tok_s": {
        "median": 4310.565961409431,
        "p10": 4284.371450519664,
        "p90": 4334.592046935041,
        "n": 7,
        "runs": [
          4323.252,
          4342.177,
          4329.536,
          4292.724,
          4310.566,
          4271.843,
          4302.722
        ]
      },
      "prefill_tok_s": {
        "median": 37874.346860875215,
        "p10": 37718.01503449557,
        "p90": 38031.537427309486,
        "n": 7,
        "runs": [
          38005.351,
          37823.02,
          37560.508,
          38070.818,
          37874.347,
          37863.933,
          37889.17
        ]
      },
      "ttft_ms": {
        "median": 216.2941589485854,
        "p10": 215.40033293422312,
        "p90": 217.19317315146327,
        "n": 7,
        "runs": [
          215.549,
          216.588,
          218.101,
          215.178,
          216.294,
          216.354,
          216.21
        ]
      },
      "peak_vram_mib": 4346,
      "footprint_mib": 4345
    },
    {
      "bsz": 32,
      "decode_tok_s": {
        "median": 16585.5761655962,
        "p10": 16517.677477275352,
        "p90": 16779.817788088374,
        "n": 7,
        "runs": [
          16534.052,
          16493.116,
          16665.848,
          16567.175,
          16585.576,
          16851.982,
          16731.708
        ]
      },
      "prefill_tok_s": {
        "median": 38415.02729929711,
        "p10": 38262.94183697522,
        "p90": 38449.34878403046,
        "n": 7,
        "runs": [
          38387.027,
          38443.44,
          38423.817,
          38458.212,
          38124.772,
          38415.027,
          38355.055
        ]
      },
      "ttft_ms": {
        "median": 852.999523980543,
        "p10": 852.2381313843653,
        "p90": 856.3974339747801,
        "n": 7,
        "runs": [
          853.622,
          852.369,
          852.804,
          852.042,
          859.494,
          853.0,
          854.333
        ]
      },
      "peak_vram_mib": 4354,
      "footprint_mib": 4353
    }
  ]
}