{
  "engine": "ours",
  "size": "7.2B",
  "dtype": "fp16",
  "model_path": "/home/user/rwkv_models/rwkv7-7.2b-fla",
  "gpu": "NVIDIA GeForce RTX 3090",
  "baseline_vram_mib": 1,
  "weight_bytes": 14398283776,
  "weight_mib": 13731.3,
  "repeats": 7,
  "decode_tokens": 128,
  "prefill_len": 1024,
  "config": "cuda_graph=ON radix_cache=OFF dtype=fp16 mem_fraction=0.90",
  "rows": [
    {
      "bsz": 1,
      "decode_tok_s": {
        "median": 65.73015936706584,
        "p10": 64.84727763836968,
        "p90": 65.80232959187204,
        "n": 7,
        "runs": [
          65.782,
          65.833,
          65.75,
          65.73,
          65.621,
          64.988,
          64.636
        ]
      },
      "prefill_tok_s": {
        "median": 3314.995731239289,
        "p10": 3144.554113313014,
        "p90": 3331.717000065906,
        "n": 7,
        "runs": [
          3343.033,
          3324.173,
          3318.737,
          3314.996,
          3308.837,
          3281.104,
          2939.729
        ]
      },
      "ttft_ms": {
        "median": 308.89934196602553,
        "p10": 307.3513946030289,
        "p90": 326.5866055386141,
        "n": 7,
        "runs": [
          306.309,
          308.047,
          308.551,
          308.899,
          309.474,
          312.09,
          348.331
        ]
      },
      "peak_vram_mib": 22406,
      "footprint_mib": 22405
    },
    {
      "bsz": 8,
      "decode_tok_s": {
        "median": 342.6840937114816,
        "p10": 325.28439145626294,
        "p90": 349.9449606493248,
        "n": 7,
        "runs": [
          351.16,
          349.135,
          348.919,
          342.684,
          341.503,
          319.566,
          329.097
        ]
      },
      "prefill_tok_s": {
        "median": 3069.011100824864,
        "p10": 2932.550067952188,
        "p90": 3207.379263746761,
        "n": 7,
        "runs": [
          3238.047,
          3186.934,
          3142.773,
          3069.011,
          3027.084,
          2945.12,
          2913.695
        ]
      },
      "ttft_ms": {
        "median": 2669.26372400485,
        "p10": 2554.2653573909774,
        "p90": 2793.55035063345,
        "n": 7,
        "runs": [
          2529.92,
          2570.496,
          2606.615,
          2669.264,
          2706.235,
          2781.55,
          2811.551
        ]
      },
      "peak_vram_mib": 22680,
      "footprint_mib": 22679
    },
    {
      "bsz": 32,
      "decode_tok_s": {
        "median": 1083.1029059521902,
        "p10": 1080.3809128477976,
        "p90": 1088.8388096676442,
        "n": 7,
        "runs": [
          1081.285,
          1087.671,
          1083.103,
          1083.738,
          1081.639,
          1079.025,
          1090.59
        ]
      },
      "prefill_tok_s": {
        "median": 2859.875549938458,
        "p10": 2843.544117844798,
        "p90": 2879.2260965813507,
        "n": 7,
        "runs": [
          2882.68,
          2840.231,
          2876.924,
          2859.876,
          2845.753,
          2863.504,
          2846.103
        ]
      },
      "ttft_ms": {
        "median": 11457.841233932413,
        "p10": 11380.846906988882,
        "p90": 11523.657910665497,
        "n": 7,
        "runs": [
          11367.202,
          11537.09,
          11389.944,
          11457.841,
          11514.703,
          11443.322,
          11513.286
        ]
      },
      "peak_vram_mib": 22680,
      "footprint_mib": 22679
    }
  ]
}