{
  "engine": "ours",
  "size": "1.5B",
  "dtype": "fp16",
  "model_path": "/home/user/rwkv_models/rwkv7-1.5b-fla",
  "gpu": "NVIDIA GeForce RTX 3090",
  "baseline_vram_mib": 1,
  "weight_bytes": 3054809088,
  "weight_mib": 2913.3,
  "repeats": 7,
  "decode_tokens": 128,
  "prefill_len": 1024,
  "config": "cuda_graph=ON radix_cache=OFF dtype=fp16 mem_fraction=0.45",
  "rows": [
    {
      "bsz": 1,
      "decode_tok_s": {
        "median": 202.91188394497473,
        "p10": 177.73538784881387,
        "p90": 203.2281648826134,
        "n": 7,
        "runs": [
          202.988,
          152.962,
          202.912,
          202.955,
          202.911,
          194.251,
          203.589
        ]
      },
      "prefill_tok_s": {
        "median": 8854.716291244324,
        "p10": 8057.646885402129,
        "p90": 8924.627561479785,
        "n": 7,
        "runs": [
          8951.023,
          8905.865,
          7008.817,
          8854.716,
          8829.183,
          8756.867,
          8907.031
        ]
      },
      "ttft_ms": {
        "median": 115.64458603970706,
        "p10": 114.73935001995414,
        "p90": 128.60275702551007,
        "n": 7,
        "runs": [
          114.4,
          114.98,
          146.102,
          115.645,
          115.979,
          116.937,
          114.965
        ]
      },
      "peak_vram_mib": 8210,
      "footprint_mib": 8209
    },
    {
      "bsz": 8,
      "decode_tok_s": {
        "median": 1109.1565685132925,
        "p10": 1079.6928599097348,
        "p90": 1123.0618743728426,
        "n": 7,
        "runs": [
          1109.956,
          1110.531,
          1107.754,
          1109.157,
          1141.858,
          1105.922,
          1040.348
        ]
      },
      "prefill_tok_s": {
        "median": 14159.852987135448,
        "p10": 13953.992193301425,
        "p90": 14247.04461437308,
        "n": 7,
        "runs": [
          14237.274,
          14244.39,
          14251.027,
          14106.549,
          14159.853,
          14138.715,
          13725.157
        ]
      },
      "ttft_ms": {
        "median": 578.5370799712837,
        "p10": 574.9964745948091,
        "p90": 587.1779901906848,
        "n": 7,
        "runs": [
          575.391,
          575.104,
          574.836,
          580.723,
          578.537,
          579.402,
          596.86
        ]
      },
      "peak_vram_mib": 8366,
      "footprint_mib": 8365
    },
    {
      "bsz": 32,
      "decode_tok_s": {
        "median": 3719.9533852086756,
        "p10": 3559.0503652494745,
        "p90": 3826.8450709157546,
        "n": 7,
        "runs": [
          3912.999,
          3769.409,
          3719.953,
          3730.664,
          3672.716,
          3436.145,
          3640.987
        ]
      },
      "prefill_tok_s": {
        "median": 13185.553124604025,
        "p10": 12970.059456681221,
        "p90": 13515.06253981188,
        "n": 7,
        "runs": [
          13641.903,
          13430.502,
          13200.333,
          13185.553,
          13097.306,
          12960.715,
          12976.289
        ]
      },
      "ttft_ms": {
        "median": 2485.1441339123994,
        "p10": 2424.6960136806592,
        "p90": 2526.4349366305396,
        "n": 7,
        "runs": [
          2402.011,
          2439.819,
          2482.362,
          2485.144,
          2501.889,
          2528.256,
          2525.221
        ]
      },
      "peak_vram_mib": 8366,
      "footprint_mib": 8365
    }
  ]
}