{
  "engine": "ours",
  "size": "7.2B",
  "dtype": "fp16",
  "model_path": "/home/user/rwkv_models/rwkv7-7.2b-fla",
  "gpu": "NVIDIA GeForce RTX 3090",
  "baseline_vram_mib": 1,
  "weight_bytes": 14398283776,
  "weight_mib": 13731.3,
  "repeats": 7,
  "decode_tokens": 128,
  "prefill_len": 1024,
  "config": "cuda_graph=ON radix_cache=OFF dtype=fp16 mem_fraction=0.92",
  "rows": [
    {
      "bsz": 1,
      "decode_tok_s": {
        "median": 64.17038198044162,
        "p10": 63.80811642268226,
        "p90": 64.4373621215105,
        "n": 7,
        "runs": [
          64.694,
          64.266,
          64.246,
          64.17,
          64.103,
          63.933,
          63.62
        ]
      },
      "prefill_tok_s": {
        "median": 3305.7970984767235,
        "p10": 3133.936517070994,
        "p90": 3331.567240148696,
        "n": 7,
        "runs": [
          3339.761,
          3326.105,
          3318.651,
          3305.797,
          3280.789,
          3143.757,
          3119.206
        ]
      },
      "ttft_ms": {
        "median": 309.758877963759,
        "p10": 307.36408797092736,
        "p90": 326.75043034832925,
        "n": 7,
        "runs": [
          306.609,
          307.868,
          308.559,
          309.759,
          312.12,
          325.725,
          328.289
        ]
      },
      "peak_vram_mib": 22710,
      "footprint_mib": 22709
    },
    {
      "bsz": 8,
      "decode_tok_s": {
        "median": 319.47510974107155,
        "p10": 312.0148595375957,
        "p90": 325.678815398452,
        "n": 7,
        "runs": [
          328.974,
          323.482,
          321.715,
          319.475,
          316.247,
          313.44,
          309.877
        ]
      },
      "prefill_tok_s": {
        "median": 2934.6902297547576,
        "p10": 2870.986723852297,
        "p90": 3109.9347723020965,
        "n": 7,
        "runs": [
          3147.506,
          3084.887,
          3066.603,
          2934.69,
          2924.624,
          2873.544,
          2867.15
        ]
      },
      "ttft_ms": {
        "median": 2791.4360149297863,
        "p10": 2634.3941463623196,
        "p90": 2853.3777910051867,
        "n": 7,
        "runs": [
          2602.696,
          2655.526,
          2671.36,
          2791.436,
          2801.043,
          2850.835,
          2857.192
        ]
      },
      "peak_vram_mib": 22984,
      "footprint_mib": 22983
    },
    {
      "bsz": 32,
      "decode_tok_s": {
        "median": 873.1274796049958,
        "p10": 846.6183766186324,
        "p90": 897.3955118539502,
        "n": 7,
        "runs": [
          890.46,
          907.799,
          827.823,
          870.026,
          859.149,
          873.127,
          889.907
        ]
      },
      "prefill_tok_s": {
        "median": 2793.944664421382,
        "p10": 2760.2526934018906,
        "p90": 2805.123975993959,
        "n": 7,
        "runs": [
          2796.623,
          2817.875,
          2790.137,
          2794.991,
          2755.487,
          2793.945,
          2763.43
        ]
      },
      "ttft_ms": {
        "median": 11728.220826014876,
        "p10": 11681.640813383274,
        "p90": 11871.40047994908,
        "n": 7,
        "runs": [
          11716.988,
          11628.62,
          11744.225,
          11723.828,
          11891.907,
          11728.221,
          11857.729
        ]
      },
      "peak_vram_mib": 22984,
      "footprint_mib": 22983
    }
  ]
}