{
  "engine": "ours",
  "size": "1.5B",
  "dtype": "fp16",
  "model_path": "/home/user/rwkv_models/rwkv7-1.5b-fla",
  "gpu": "NVIDIA GeForce RTX 3090",
  "baseline_vram_mib": 1,
  "weight_bytes": 3054809088,
  "weight_mib": 2913.3,
  "repeats": 7,
  "decode_tokens": 128,
  "prefill_len": 1024,
  "config": "cuda_graph=ON radix_cache=OFF dtype=fp16 mem_fraction=0.45",
  "rows": [
    {
      "bsz": 1,
      "decode_tok_s": {
        "median": 192.8392418204617,
        "p10": 192.57420488278203,
        "p90": 193.58199997628967,
        "n": 7,
        "runs": [
          193.475,
          193.743,
          192.762,
          192.839,
          192.293,
          192.773,
          193.078
        ]
      },
      "prefill_tok_s": {
        "median": 9179.925518412078,
        "p10": 9019.747771989067,
        "p90": 9198.963240095996,
        "n": 7,
        "runs": [
          9179.926,
          9112.732,
          9193.902,
          9024.668,
          9012.368,
          9206.555,
          9193.684
        ]
      },
      "ttft_ms": {
        "median": 111.54774599708617,
        "p10": 111.3169427961111,
        "p90": 113.52872420102358,
        "n": 7,
        "runs": [
          111.548,
          112.37,
          111.378,
          113.467,
          113.622,
          111.225,
          111.381
        ]
      },
      "peak_vram_mib": 8224,
      "footprint_mib": 8223
    },
    {
      "bsz": 8,
      "decode_tok_s": {
        "median": 1043.9294855970563,
        "p10": 1040.133094564633,
        "p90": 1045.2779312076616,
        "n": 7,
        "runs": [
          1044.404,
          1046.364,
          1044.554,
          1043.929,
          1040.367,
          1039.843,
          1040.327
        ]
      },
      "prefill_tok_s": {
        "median": 14253.712705742175,
        "p10": 14143.932768374441,
        "p90": 14284.060506819642,
        "n": 7,
        "runs": [
          14267.716,
          14308.577,
          14253.713,
          14254.726,
          14235.757,
          14152.668,
          14130.83
        ]
      },
      "ttft_ms": {
        "median": 574.7274530585855,
        "p10": 573.5075174132362,
        "p90": 579.1886049322784,
        "n": 7,
        "runs": [
          574.163,
          572.524,
          574.727,
          574.687,
          575.452,
          578.831,
          579.725
        ]
      },
      "peak_vram_mib": 8380,
      "footprint_mib": 8379
    },
    {
      "bsz": 32,
      "decode_tok_s": {
        "median": 2990.936001348362,
        "p10": 2988.4325023955594,
        "p90": 3049.482831602288,
        "n": 7,
        "runs": [
          3057.111,
          3044.397,
          3034.542,
          2990.936,
          2989.986,
          2987.942,
          2988.759
        ]
      },
      "prefill_tok_s": {
        "median": 13295.030672345194,
        "p10": 13083.090136863064,
        "p90": 13729.478120127973,
        "n": 7,
        "runs": [
          13872.078,
          13634.411,
          13475.421,
          13295.031,
          13172.061,
          13014.872,
          13128.569
        ]
      },
      "ttft_ms": {
        "median": 2464.6802860079333,
        "p10": 2386.8604748276994,
        "p90": 2504.6525430167094,
        "n": 7,
        "runs": [
          2362.155,
          2403.331,
          2431.686,
          2464.68,
          2487.69,
          2517.735,
          2495.931
        ]
      },
      "peak_vram_mib": 8380,
      "footprint_mib": 8379
    }
  ]
}