{
  "engine": "ours",
  "size": "0.1B",
  "dtype": "fp16",
  "model_path": "/home/user/rwkv_models/rwkv7-0.1b-fla",
  "gpu": "NVIDIA GeForce RTX 3090",
  "baseline_vram_mib": 1,
  "weight_bytes": 382069248,
  "weight_mib": 364.4,
  "repeats": 7,
  "decode_tokens": 128,
  "prefill_len": 1024,
  "config": "cuda_graph=ON radix_cache=OFF dtype=fp16 mem_fraction=0.30",
  "rows": [
    {
      "bsz": 1,
      "decode_tok_s": {
        "median": 558.1937315155121,
        "p10": 548.931127693185,
        "p90": 561.0952290748797,
        "n": 7,
        "runs": [
          561.107,
          555.488,
          557.034,
          539.096,
          561.087,
          559.961,
          558.194
        ]
      },
      "prefill_tok_s": {
        "median": 17773.544520025393,
        "p10": 15169.443010172945,
        "p90": 17939.85258436857,
        "n": 7,
        "runs": [
          11601.968,
          17942.463,
          17547.76,
          17773.545,
          17802.322,
          17767.89,
          17938.112
        ]
      },
      "ttft_ms": {
        "median": 57.61371902190149,
        "p10": 57.07962256856263,
        "p90": 70.31737223733218,
        "n": 7,
        "runs": [
          88.261,
          57.071,
          58.355,
          57.614,
          57.521,
          57.632,
          57.085
        ]
      },
      "peak_vram_mib": 4256,
      "footprint_mib": 4255
    },
    {
      "bsz": 8,
      "decode_tok_s": {
        "median": 4097.895448343987,
        "p10": 3923.2797999940535,
        "p90": 4114.807252274493,
        "n": 7,
        "runs": [
          4117.77,
          4089.011,
          4096.877,
          4106.713,
          4112.832,
          3674.684,
          4097.895
        ]
      },
      "prefill_tok_s": {
        "median": 37159.61855378172,
        "p10": 35244.57470833599,
        "p90": 37481.394651045455,
        "n": 7,
        "runs": [
          37080.007,
          37411.503,
          32720.513,
          37159.619,
          37586.233,
          37388.996,
          36927.283
        ]
      },
      "ttft_ms": {
        "median": 220.45436198823154,
        "p10": 218.56291005387902,
        "p90": 233.2499684067443,
        "n": 7,
        "runs": [
          220.928,
          218.97,
          250.363,
          220.454,
          217.952,
          219.102,
          221.841
        ]
      },
      "peak_vram_mib": 4346,
      "footprint_mib": 4345
    },
    {
      "bsz": 32,
      "decode_tok_s": {
        "median": 14088.441928006974,
        "p10": 14017.093969873322,
        "p90": 14114.431604267797,
        "n": 7,
        "runs": [
          14117.567,
          14018.683,
          14065.706,
          14014.71,
          14112.341,
          14104.998,
          14088.442
        ]
      },
      "prefill_tok_s": {
        "median": 37750.94357371798,
        "p10": 37154.64794733393,
        "p90": 37976.45420024501,
        "n": 7,
        "runs": [
          37896.682,
          37750.944,
          36545.189,
          37560.954,
          37592.065,
          38096.112,
          37807.748
        ]
      },
      "ttft_ms": {
        "median": 868.0047939997166,
        "p10": 862.856139196083,
        "p90": 882.0945180254057,
        "n": 7,
        "runs": [
          864.667,
          868.005,
          896.643,
          872.395,
          871.673,
          860.14,
          866.701
        ]
      },
      "peak_vram_mib": 4354,
      "footprint_mib": 4353
    }
  ]
}