{
  "engine": "ours",
  "size": "1.5B",
  "dtype": "bf16",
  "model_path": "/home/user/rwkv_models/rwkv7-1.5b-fla",
  "gpu": "NVIDIA GeForce RTX 3090",
  "baseline_vram_mib": 1,
  "weight_bytes": 3054809088,
  "weight_mib": 2913.3,
  "repeats": 7,
  "decode_tokens": 128,
  "prefill_len": 1024,
  "config": "cuda_graph=ON radix_cache=OFF dtype=bf16 mem_fraction=0.40",
  "rows": [
    {
      "bsz": 1,
      "decode_tok_s": {
        "median": 159.106642932241,
        "p10": 158.85710078332718,
        "p90": 160.17719134975076,
        "n": 7,
        "runs": [
          159.224,
          159.059,
          161.326,
          159.412,
          159.107,
          159.063,
          158.554
        ]
      },
      "prefill_tok_s": {
        "median": 9673.026389048862,
        "p10": 9307.702917595912,
        "p90": 9844.543884404164,
        "n": 7,
        "runs": [
          9968.326,
          9673.026,
          9008.654,
          9762.023,
          9694.58,
          9507.069,
          9646.556
        ]
      },
      "ttft_ms": {
        "median": 105.86138803046197,
        "p10": 104.02792657259852,
        "p90": 110.09298833087087,
        "n": 7,
        "runs": [
          102.725,
          105.861,
          113.668,
          104.896,
          105.626,
          107.709,
          106.152
        ]
      },
      "peak_vram_mib": 6906,
      "footprint_mib": 6905
    },
    {
      "bsz": 8,
      "decode_tok_s": {
        "median": 972.1902295461334,
        "p10": 970.4696773292511,
        "p90": 973.0665492607277,
        "n": 7,
        "runs": [
          972.461,
          972.508,
          972.19,
          971.434,
          970.863,
          969.879,
          973.905
        ]
      },
      "prefill_tok_s": {
        "median": 13920.352159073589,
        "p10": 13692.598341253935,
        "p90": 14002.582226683384,
        "n": 7,
        "runs": [
          14024.733,
          13987.815,
          13920.352,
          13919.656,
          13921.628,
          13810.335,
          13515.994
        ]
      },
      "ttft_ms": {
        "median": 588.4908590232953,
        "p10": 585.0359259638935,
        "p90": 598.3460794202983,
        "n": 7,
        "runs": [
          584.111,
          585.653,
          588.491,
          588.52,
          588.437,
          593.179,
          606.097
        ]
      },
      "peak_vram_mib": 7062,
      "footprint_mib": 7061
    },
    {
      "bsz": 32,
      "decode_tok_s": {
        "median": 2941.048698078815,
        "p10": 2899.122839561344,
        "p90": 2972.4756803162145,
        "n": 7,
        "runs": [
          2987.496,
          2962.462,
          2941.049,
          2941.419,
          2902.764,
          2906.538,
          2893.661
        ]
      },
      "prefill_tok_s": {
        "median": 12939.459308831127,
        "p10": 12714.087841133454,
        "p90": 13339.199727039851,
        "n": 7,
        "runs": [
          13419.52,
          13285.653,
          13113.518,
          12939.459,
          12807.884,
          12760.149,
          12644.996
        ]
      },
      "ttft_ms": {
        "median": 2532.408752012998,
        "p10": 2456.578441383317,
        "p90": 2577.3493714164943,
        "n": 7,
        "runs": [
          2441.816,
          2466.42,
          2498.795,
          2532.409,
          2558.424,
          2567.995,
          2591.381
        ]
      },
      "peak_vram_mib": 7062,
      "footprint_mib": 7061
    }
  ]
}