{
  "engine": "ours",
  "size": "0.1B",
  "dtype": "bf16",
  "model_path": "/home/user/rwkv_models/rwkv7-0.1b-fla",
  "gpu": "NVIDIA GeForce RTX 3090",
  "baseline_vram_mib": 1,
  "weight_bytes": 382069248,
  "weight_mib": 364.4,
  "repeats": 7,
  "decode_tokens": 128,
  "prefill_len": 1024,
  "config": "cuda_graph=ON radix_cache=OFF dtype=bf16 mem_fraction=0.20",
  "rows": [
    {
      "bsz": 1,
      "decode_tok_s": {
        "median": 582.3794748958941,
        "p10": 557.1697866251442,
        "p90": 585.0436833193818,
        "n": 7,
        "runs": [
          525.315,
          584.374,
          582.379,
          585.021,
          578.407,
          579.74,
          585.078
        ]
      },
      "prefill_tok_s": {
        "median": 18829.780282866548,
        "p10": 18585.107415025766,
        "p90": 18964.849899966866,
        "n": 7,
        "runs": [
          18973.215,
          18715.729,
          18959.273,
          18389.176,
          18829.78,
          18948.85,
          18769.795
        ]
      },
      "ttft_ms": {
        "median": 54.381940979510546,
        "p10": 53.99463418871164,
        "p90": 55.10197619441897,
        "n": 7,
        "runs": [
          53.971,
          54.713,
          54.011,
          55.685,
          54.382,
          54.04,
          54.556
        ]
      },
      "peak_vram_mib": 3058,
      "footprint_mib": 3057
    },
    {
      "bsz": 8,
      "decode_tok_s": {
        "median": 3975.974173844205,
        "p10": 3953.024795930826,
        "p90": 3981.348470189562,
        "n": 7,
        "runs": [
          3980.562,
          3950.395,
          3954.778,
          3975.704,
          3981.86,
          3981.008,
          3975.974
        ]
      },
      "prefill_tok_s": {
        "median": 39013.02606186117,
        "p10": 36588.43069222269,
        "p90": 39451.38730252791,
        "n": 7,
        "runs": [
          33772.112,
          39110.789,
          38465.977,
          39013.026,
          39512.344,
          39410.75,
          38961.791
        ]
      },
      "ttft_ms": {
        "median": 209.9811480147764,
        "p10": 207.6482879696414,
        "p90": 224.80725704226643,
        "n": 7,
        "runs": [
          242.567,
          209.456,
          212.967,
          209.981,
          207.328,
          207.862,
          210.257
        ]
      },
      "peak_vram_mib": 3148,
      "footprint_mib": 3147
    },
    {
      "bsz": 32,
      "decode_tok_s": {
        "median": 11741.370012861631,
        "p10": 11191.328988168732,
        "p90": 11828.087451772926,
        "n": 7,
        "runs": [
          11152.359,
          11814.578,
          11848.351,
          11741.37,
          11217.309,
          11718.245,
          11791.678
        ]
      },
      "prefill_tok_s": {
        "median": 39522.85736240978,
        "p10": 39283.03635198765,
        "p90": 39746.12497582142,
        "n": 7,
        "runs": [
          39353.801,
          39464.797,
          39176.89,
          39559.836,
          39958.455,
          39604.572,
          39522.857
        ]
      },
      "ttft_ms": {
        "median": 829.0898529812694,
        "p10": 824.4482288369909,
        "p90": 834.1554698301479,
        "n": 7,
        "runs": [
          832.651,
          830.31,
          836.411,
          828.315,
          820.052,
          827.379,
          829.09
        ]
      },
      "peak_vram_mib": 3156,
      "footprint_mib": 3155
    }
  ]
}