{
  "engine": "ours",
  "size": "1.5B",
  "dtype": "fp16",
  "model_path": "/home/user/rwkv_models/rwkv7-1.5b-fla",
  "gpu": "NVIDIA GeForce RTX 3090",
  "baseline_vram_mib": 1,
  "weight_bytes": 3054809088,
  "weight_mib": 2913.3,
  "repeats": 7,
  "decode_tokens": 128,
  "prefill_len": 1024,
  "config": "cuda_graph=ON radix_cache=OFF dtype=fp16 mem_fraction=0.45",
  "rows": [
    {
      "bsz": 1,
      "decode_tok_s": {
        "median": 159.85845129998162,
        "p10": 159.67369917897545,
        "p90": 160.27927296333564,
        "n": 7,
        "runs": [
          160.848,
          159.721,
          159.714,
          159.898,
          159.858,
          159.9,
          159.614
        ]
      },
      "prefill_tok_s": {
        "median": 9542.40229202,
        "p10": 9482.401276259196,
        "p90": 9612.702462070056,
        "n": 7,
        "runs": [
          9656.919,
          9548.845,
          9510.781,
          9542.402,
          9583.225,
          9447.171,
          9505.888
        ]
      },
      "ttft_ms": {
        "median": 107.31050407048315,
        "p10": 106.52721498627216,
        "p90": 107.99051900394261,
        "n": 7,
        "runs": [
          106.038,
          107.238,
          107.667,
          107.311,
          106.853,
          108.392,
          107.723
        ]
      },
      "peak_vram_mib": 7330,
      "footprint_mib": 7329
    }
  ]
}