{
  "engine": "ours",
  "size": "1.5B",
  "dtype": "fp16",
  "model_path": "/home/user/rwkv_models/rwkv7-1.5b-fla",
  "gpu": "NVIDIA GeForce RTX 3090",
  "baseline_vram_mib": 1,
  "weight_bytes": 3054809088,
  "weight_mib": 2913.3,
  "repeats": 7,
  "decode_tokens": 128,
  "prefill_len": 1024,
  "config": "cuda_graph=ON radix_cache=OFF dtype=fp16 mem_fraction=0.45",
  "rows": [
    {
      "bsz": 1,
      "decode_tok_s": {
        "median": 194.05085406451562,
        "p10": 187.13754400449645,
        "p90": 194.33706156091822,
        "n": 7,
        "runs": [
          194.454,
          178.376,
          194.051,
          194.259,
          194.22,
          192.978,
          193.658
        ]
      },
      "prefill_tok_s": {
        "median": 9763.975442533854,
        "p10": 8677.884196785119,
        "p90": 9903.88513635066,
        "n": 7,
        "runs": [
          9866.759,
          9281.952,
          9679.447,
          9850.506,
          9763.975,
          9959.575,
          7771.783
        ]
      },
      "ttft_ms": {
        "median": 104.87531498074532,
        "p10": 103.39594318065792,
        "p90": 118.89645436313003,
        "n": 7,
        "runs": [
          103.783,
          110.322,
          105.791,
          103.954,
          104.875,
          102.816,
          131.759
        ]
      },
      "peak_vram_mib": 8098,
      "footprint_mib": 8097
    }
  ]
}