{
  "engine": "ours",
  "size": "7.2B",
  "dtype": "fp16",
  "model_path": "/home/user/rwkv_models/rwkv7-7.2b-fla",
  "gpu": "NVIDIA GeForce RTX 3090",
  "baseline_vram_mib": 1,
  "weight_bytes": 14398283776,
  "weight_mib": 13731.3,
  "repeats": 7,
  "decode_tokens": 128,
  "prefill_len": 1024,
  "config": "cuda_graph=ON radix_cache=OFF dtype=fp16 mem_fraction=0.92",
  "rows": [
    {
      "bsz": 1,
      "decode_tok_s": {
        "median": 59.13718586743916,
        "p10": 58.496011003934605,
        "p90": 59.38994638506956,
        "n": 7,
        "runs": [
          59.465,
          59.34,
          59.322,
          59.137,
          58.857,
          58.681,
          58.219
        ]
      },
      "prefill_tok_s": {
        "median": 3295.293578192146,
        "p10": 3065.4411205613446,
        "p90": 3315.781055048717,
        "n": 7,
        "runs": [
          3327.477,
          3303.035,
          3307.984,
          3295.294,
          3274.713,
          3064.76,
          3065.895
        ]
      },
      "ttft_ms": {
        "median": 310.74621295556426,
        "p10": 308.8287396123633,
        "p90": 334.0465510264039,
        "n": 7,
        "runs": [
          307.741,
          310.018,
          309.554,
          310.746,
          312.699,
          334.121,
          333.997
        ]
      },
      "peak_vram_mib": 22478,
      "footprint_mib": 22477
    }
  ]
}