{
  "engine": "ours",
  "size": "1.5B",
  "dtype": "fp16",
  "model_path": "/home/user/rwkv_models/rwkv7-1.5b-fla",
  "gpu": "NVIDIA GeForce RTX 3090",
  "baseline_vram_mib": 1,
  "weight_bytes": 3054809088,
  "weight_mib": 2913.3,
  "repeats": 7,
  "decode_tokens": 128,
  "prefill_len": 1024,
  "config": "cuda_graph=ON radix_cache=OFF dtype=fp16 mem_fraction=0.45",
  "rows": [
    {
      "bsz": 1,
      "decode_tok_s": {
        "median": 188.01222369022952,
        "p10": 184.6295378764301,
        "p90": 188.4325239698936,
        "n": 7,
        "runs": [
          188.531,
          188.367,
          188.083,
          188.012,
          187.48,
          180.648,
          187.284
        ]
      },
      "prefill_tok_s": {
        "median": 9337.346653824023,
        "p10": 7408.34088925682,
        "p90": 9507.6808995508,
        "n": 7,
        "runs": [
          9469.403,
          7340.743,
          7453.406,
          9337.347,
          8745.023,
          9565.097,
          9459.534
        ]
      },
      "ttft_ms": {
        "median": 109.66712899971753,
        "p10": 107.70500793587416,
        "p90": 138.23027696926147,
        "n": 7,
        "runs": [
          108.138,
          139.495,
          137.387,
          109.667,
          117.095,
          107.056,
          108.251
        ]
      },
      "peak_vram_mib": 8098,
      "footprint_mib": 8097
    }
  ]
}