{
  "engine": "ours",
  "size": "1.5B",
  "dtype": "fp16",
  "model_path": "/home/user/rwkv_models/rwkv7-1.5b-fla",
  "gpu": "NVIDIA GeForce RTX 3090",
  "baseline_vram_mib": 1,
  "weight_bytes": 3054809088,
  "weight_mib": 2913.3,
  "repeats": 7,
  "decode_tokens": 128,
  "prefill_len": 1024,
  "config": "cuda_graph=ON radix_cache=OFF dtype=fp16 mem_fraction=0.40",
  "rows": [
    {
      "bsz": 1,
      "decode_tok_s": {
        "median": 159.87788409578366,
        "p10": 159.6594962330677,
        "p90": 160.29351413263447,
        "n": 7,
        "runs": [
          160.199,
          159.525,
          159.812,
          160.014,
          160.435,
          159.749,
          159.878
        ]
      },
      "prefill_tok_s": {
        "median": 9102.187594321793,
        "p10": 8937.768929144058,
        "p90": 9200.063113331022,
        "n": 7,
        "runs": [
          8837.648,
          9015.551,
          9141.054,
          9102.188,
          9004.516,
          9138.871,
          9288.577
        ]
      },
      "ttft_ms": {
        "median": 112.50042798928916,
        "p10": 111.31043117493391,
        "p90": 114.57960039842874,
        "n": 7,
        "runs": [
          115.868,
          113.582,
          112.022,
          112.5,
          113.721,
          112.049,
          110.243
        ]
      },
      "peak_vram_mib": 6834,
      "footprint_mib": 6833
    },
    {
      "bsz": 8,
      "decode_tok_s": {
        "median": 1041.5829885692121,
        "p10": 1038.3863834528536,
        "p90": 1043.0062562330888,
        "n": 7,
        "runs": [
          1044.035,
          1041.583,
          1036.515,
          1041.926,
          1041.46,
          1042.32,
          1039.634
        ]
      },
      "prefill_tok_s": {
        "median": 14212.615285274545,
        "p10": 14072.171495225937,
        "p90": 14259.694941836176,
        "n": 7,
        "runs": [
          14212.615,
          14244.987,
          14228.966,
          14281.757,
          14201.914,
          14124.237,
          13994.073
        ]
      },
      "ttft_ms": {
        "median": 576.3893439434469,
        "p10": 574.4872593786567,
        "p90": 582.1538298157975,
        "n": 7,
        "runs": [
          576.389,
          575.08,
          575.727,
          573.599,
          576.824,
          579.996,
          585.391
        ]
      },
      "peak_vram_mib": 6990,
      "footprint_mib": 6989
    }
  ]
}