{
  "engine": "ours",
  "size": "7.2B",
  "dtype": "fp16",
  "model_path": "/home/user/rwkv_models/rwkv7-7.2b-fla",
  "gpu": "NVIDIA GeForce RTX 3090",
  "baseline_vram_mib": 1,
  "weight_bytes": 14398283776,
  "weight_mib": 13731.3,
  "repeats": 7,
  "decode_tokens": 128,
  "prefill_len": 1024,
  "config": "cuda_graph=ON radix_cache=OFF dtype=fp16 mem_fraction=0.85",
  "rows": [
    {
      "bsz": 1,
      "decode_tok_s": {
        "median": 45.87220304768858,
        "p10": 45.39122388282438,
        "p90": 45.98359621612581,
        "n": 7,
        "runs": [
          46.037,
          45.933,
          45.948,
          45.872,
          45.79,
          45.501,
          45.226
        ]
      },
      "prefill_tok_s": {
        "median": 3245.47559353079,
        "p10": 3027.5202092216773,
        "p90": 3278.6045614684426,
        "n": 7,
        "runs": [
          3279.325,
          3278.124,
          3255.324,
          3245.476,
          3231.921,
          3047.739,
          2997.192
        ]
      },
      "ttft_ms": {
        "median": 315.5161610338837,
        "p10": 312.3280083760619,
        "p90": 338.25331279076636,
        "n": 7,
        "runs": [
          312.259,
          312.374,
          314.562,
          315.516,
          316.839,
          335.987,
          341.653
        ]
      },
      "peak_vram_mib": 17644,
      "footprint_mib": 17643
    },
    {
      "bsz": 8,
      "decode_tok_s": {
        "median": 318.73503041443035,
        "p10": 310.4102965297167,
        "p90": 324.9170412806234,
        "n": 7,
        "runs": [
          325.926,
          324.244,
          318.735,
          319.766,
          313.652,
          310.892,
          309.688
        ]
      },
      "prefill_tok_s": {
        "median": 2967.6060438516374,
        "p10": 2875.554751502489,
        "p90": 3096.5393689761254,
        "n": 7,
        "runs": [
          3153.917,
          3058.287,
          2991.261,
          2967.606,
          2919.769,
          2868.57,
          2880.211
        ]
      },
      "ttft_ms": {
        "median": 2760.4742270195857,
        "p10": 2646.135924360715,
        "p90": 2848.852815013379,
        "n": 7,
        "runs": [
          2597.405,
          2678.623,
          2738.645,
          2760.474,
          2805.701,
          2855.778,
          2844.236
        ]
      },
      "peak_vram_mib": 17898,
      "footprint_mib": 17897
    }
  ]
}