{
  "engine": "ours",
  "size": "0.1B",
  "dtype": "fp16",
  "model_path": "/home/user/rwkv_models/rwkv7-0.1b-fla",
  "gpu": "NVIDIA GeForce RTX 3090",
  "baseline_vram_mib": 1,
  "weight_bytes": 382069248,
  "weight_mib": 364.4,
  "repeats": 7,
  "decode_tokens": 128,
  "prefill_len": 1024,
  "config": "cuda_graph=ON radix_cache=OFF dtype=fp16 mem_fraction=0.20",
  "rows": [
    {
      "bsz": 1,
      "decode_tok_s": {
        "median": 585.6319822325978,
        "p10": 549.754062581845,
        "p90": 588.502076746136,
        "n": 7,
        "runs": [
          569.094,
          585.632,
          586.858,
          589.057,
          520.744,
          584.945,
          588.132
        ]
      },
      "prefill_tok_s": {
        "median": 18870.960045451156,
        "p10": 17357.53004978111,
        "p90": 18992.12982226005,
        "n": 7,
        "runs": [
          16397.99,
          18870.96,
          18603.829,
          18944.977,
          19061.123,
          17997.224,
          18946.134
        ]
      },
      "ttft_ms": {
        "median": 54.26326999440789,
        "p10": 53.91754414886236,
        "p90": 59.117270610295236,
        "n": 7,
        "runs": [
          62.447,
          54.263,
          55.042,
          54.051,
          53.722,
          56.898,
          54.048
        ]
      },
      "peak_vram_mib": 3022,
      "footprint_mib": 3021
    },
    {
      "bsz": 8,
      "decode_tok_s": {
        "median": 4085.829261274938,
        "p10": 3847.932007873407,
        "p90": 4099.135163175822,
        "n": 7,
        "runs": [
          4092.832,
          3721.559,
          4085.829,
          4074.089,
          3932.18,
          4087.863,
          4108.59
        ]
      },
      "prefill_tok_s": {
        "median": 38792.7535962518,
        "p10": 38199.719227477886,
        "p90": 39010.55980203469,
        "n": 7,
        "runs": [
          39044.147,
          38988.168,
          38792.754,
          38825.228,
          38757.254,
          38484.401,
          37772.697
        ]
      },
      "ttft_ms": {
        "median": 211.1734600039199,
        "p10": 209.9945268360898,
        "p90": 214.4697719719261,
        "n": 7,
        "runs": [
          209.814,
          210.115,
          211.173,
          210.997,
          211.367,
          212.865,
          216.876
        ]
      },
      "peak_vram_mib": 3112,
      "footprint_mib": 3111
    }
  ]
}