{
  "engine": "ours",
  "size": "1.5B",
  "dtype": "fp16",
  "model_path": "/home/user/rwkv_models/rwkv7-1.5b-fla",
  "gpu": "NVIDIA GeForce RTX 3090",
  "baseline_vram_mib": 1,
  "weight_bytes": 3054809088,
  "weight_mib": 2913.3,
  "repeats": 7,
  "decode_tokens": 128,
  "prefill_len": 1024,
  "config": "cuda_graph=ON radix_cache=OFF dtype=fp16 mem_fraction=0.40",
  "rows": [
    {
      "bsz": 1,
      "decode_tok_s": {
        "median": 167.59766795000502,
        "p10": 167.2229755942973,
        "p90": 168.01129934086603,
        "n": 7,
        "runs": [
          168.372,
          167.414,
          167.771,
          167.635,
          167.033,
          167.349,
          167.598
        ]
      },
      "prefill_tok_s": {
        "median": 8828.599067600797,
        "p10": 8389.832453386703,
        "p90": 8892.861124664252,
        "n": 7,
        "runs": [
          8832.434,
          8959.465,
          8696.126,
          7930.392,
          8848.458,
          8820.779,
          8828.599
        ]
      },
      "ttft_ms": {
        "median": 115.98669190425426,
        "p10": 115.15283838380128,
        "p90": 122.30155044235289,
        "n": 7,
        "runs": [
          115.936,
          114.293,
          117.754,
          129.123,
          115.726,
          116.09,
          115.987
        ]
      },
      "peak_vram_mib": 6834,
      "footprint_mib": 6833
    },
    {
      "bsz": 8,
      "decode_tok_s": {
        "median": 1038.5527696074303,
        "p10": 1033.2737301428353,
        "p90": 1049.7194632247365,
        "n": 7,
        "runs": [
          1038.682,
          1040.963,
          1036.943,
          1038.553,
          1062.854,
          1034.613,
          1031.265
        ]
      },
      "prefill_tok_s": {
        "median": 13629.291604001835,
        "p10": 13413.1291934132,
        "p90": 14117.613549925545,
        "n": 7,
        "runs": [
          14132.984,
          14107.367,
          13993.845,
          13629.292,
          13592.711,
          13473.161,
          13323.082
        ]
      },
      "ttft_ms": {
        "median": 601.058384985663,
        "p10": 580.2685023518279,
        "p90": 610.7632738072425,
        "n": 7,
        "runs": [
          579.637,
          580.69,
          585.4,
          601.058,
          602.676,
          608.024,
          614.873
        ]
      },
      "peak_vram_mib": 6990,
      "footprint_mib": 6989
    }
  ]
}