{
  "engine": "ours",
  "size": "0.1B",
  "dtype": "fp16",
  "model_path": "/home/user/rwkv_models/rwkv7-0.1b-fla",
  "gpu": "NVIDIA GeForce RTX 3090",
  "baseline_vram_mib": 1,
  "weight_bytes": 382069248,
  "weight_mib": 364.4,
  "repeats": 7,
  "decode_tokens": 128,
  "prefill_len": 1024,
  "config": "cuda_graph=ON radix_cache=OFF dtype=fp16 mem_fraction=0.20",
  "rows": [
    {
      "bsz": 1,
      "decode_tok_s": {
        "median": 557.3214894427916,
        "p10": 555.1002994183202,
        "p90": 585.3481940486919,
        "n": 7,
        "runs": [
          557.321,
          558.452,
          556.082,
          558.443,
          555.021,
          555.153,
          625.692
        ]
      },
      "prefill_tok_s": {
        "median": 17827.815461288337,
        "p10": 17498.232561989636,
        "p90": 17873.405758413002,
        "n": 7,
        "runs": [
          17827.815,
          17678.309,
          17849.381,
          17902.042,
          17716.177,
          17854.315,
          17228.117
        ]
      },
      "ttft_ms": {
        "median": 57.43833293672651,
        "p10": 57.29192104190588,
        "p90": 58.52954222355038,
        "n": 7,
        "runs": [
          57.438,
          57.924,
          57.369,
          57.2,
          57.8,
          57.353,
          59.438
        ]
      },
      "peak_vram_mib": 3022,
      "footprint_mib": 3021
    },
    {
      "bsz": 8,
      "decode_tok_s": {
        "median": 4097.872027764073,
        "p10": 4079.508734559416,
        "p90": 4100.551660316455,
        "n": 7,
        "runs": [
          4098.22,
          4100.34,
          4100.868,
          4085.919,
          4069.894,
          4097.872,
          4089.006
        ]
      },
      "prefill_tok_s": {
        "median": 36943.8444596176,
        "p10": 36526.17081895571,
        "p90": 37137.67765937975,
        "n": 7,
        "runs": [
          37164.975,
          36781.36,
          37010.877,
          36943.844,
          37119.479,
          36623.821,
          36379.695
        ]
      },
      "ttft_ms": {
        "median": 221.74194699618965,
        "p10": 220.58468558825552,
        "p90": 224.2799549130723,
        "n": 7,
        "runs": [
          220.423,
          222.722,
          221.34,
          221.742,
          220.693,
          223.68,
          225.181
        ]
      },
      "peak_vram_mib": 3112,
      "footprint_mib": 3111
    }
  ]
}