{
  "engine": "ours",
  "size": "7.2B",
  "dtype": "fp16",
  "model_path": "/home/user/rwkv_models/rwkv7-7.2b-fla",
  "gpu": "NVIDIA GeForce RTX 3090",
  "baseline_vram_mib": 1,
  "weight_bytes": 14398283776,
  "weight_mib": 13731.3,
  "repeats": 7,
  "decode_tokens": 128,
  "prefill_len": 1024,
  "config": "cuda_graph=ON radix_cache=OFF dtype=fp16 mem_fraction=0.85",
  "rows": [
    {
      "bsz": 1,
      "decode_tok_s": {
        "median": 49.86717477632599,
        "p10": 49.28533289295473,
        "p90": 50.02432422949659,
        "n": 7,
        "runs": [
          50.069,
          49.995,
          49.949,
          49.867,
          49.641,
          49.279,
          49.289
        ]
      },
      "prefill_tok_s": {
        "median": 3244.0562101883697,
        "p10": 3056.1833050766445,
        "p90": 3275.2998503814074,
        "n": 7,
        "runs": [
          3276.523,
          3274.485,
          3268.582,
          3244.056,
          3139.249,
          3052.754,
          3058.47
        ]
      },
      "ttft_ms": {
        "median": 315.65420993138105,
        "p10": 312.64315999578685,
        "p90": 335.0587179651484,
        "n": 7,
        "runs": [
          312.526,
          312.721,
          313.286,
          315.654,
          326.193,
          335.435,
          334.808
        ]
      },
      "peak_vram_mib": 17644,
      "footprint_mib": 17643
    },
    {
      "bsz": 8,
      "decode_tok_s": {
        "median": 309.80590519212166,
        "p10": 300.21531679593534,
        "p90": 316.902917811165,
        "n": 7,
        "runs": [
          318.179,
          316.052,
          311.966,
          308.862,
          292.792,
          309.806,
          305.164
        ]
      },
      "prefill_tok_s": {
        "median": 2914.905143913073,
        "p10": 2815.102718810291,
        "p90": 2960.8388763546545,
        "n": 7,
        "runs": [
          2994.515,
          2931.625,
          2938.388,
          2914.905,
          2863.094,
          2829.891,
          2792.921
        ]
      },
      "ttft_ms": {
        "median": 2810.383046977222,
        "p10": 2767.021178640425,
        "p90": 2910.1389223709702,
        "n": 7,
        "runs": [
          2735.669,
          2794.354,
          2787.923,
          2810.383,
          2861.241,
          2894.811,
          2933.13
        ]
      },
      "peak_vram_mib": 17898,
      "footprint_mib": 17897
    }
  ]
}