{
  "top1_match": true,
  "top5_set_match": true,
  "shared_count": 10,
  "max_abs_prob_diff": 0.004879980772990622,
  "verdict": "PASS",
  "probe_tokens": [
    242476,
    300
  ],
  "numpy_top10": [
    [
      21262,
      12.31865406036377,
      0.1302570104598999
    ],
    [
      271,
      11.221866607666016,
      0.043498311191797256
    ],
    [
      11,
      11.209102630615234,
      0.04294662922620773
    ],
    [
      579,
      11.20612621307373,
      0.04281898960471153
    ],
    [
      369,
      11.153524398803711,
      0.04062484949827194
    ],
    [
      220,
      11.058906555175781,
      0.036957260221242905
    ],
    [
      25,
      10.628683090209961,
      0.024035658687353134
    ],
    [
      198,
      10.56006145477295,
      0.02244161255657673
    ],
    [
      321,
      10.336441040039062,
      0.017944730818271637
    ],
    [
      11106,
      10.26762580871582,
      0.01675139181315899
    ]
  ],
  "sglang_top10": [
    [
      21262,
      -2.076429843902588,
      0.12537702968690928
    ],
    [
      579,
      -3.138929843902588,
      0.04332914204536466
    ],
    [
      11,
      -3.138929843902588,
      0.04332914204536466
    ],
    [
      271,
      -3.138929843902588,
      0.04332914204536466
    ],
    [
      369,
      -3.201429843902588,
      0.040703962037916167
    ],
    [
      220,
      -3.263929843902588,
      0.03823783364668227
    ],
    [
      198,
      -3.763929843902588,
      0.02319241846770413
    ],
    [
      25,
      -3.763929843902588,
      0.02319241846770413
    ],
    [
      321,
      -4.013929843902588,
      0.018062273663967687
    ],
    [
      11106,
      -4.138929843902588,
      0.015939900562086794
    ]
  ]
}