{"tag": null, "backend": "vllm", "dataset_name": "sharegpt", "request_rate": Infinity, "max_concurrency": null, "sharegpt_output_len": null, "random_input_len": 1024, "random_output_len": 1024, "random_range_ratio": 0.0, "server_info": null, "duration": 39.16864103700027, "completed": 500, "total_input_tokens": 168913, "total_input_text_tokens": 168913, "total_input_vision_tokens": 0, "total_output_tokens": 109861, "total_output_tokens_retokenized": 109740, "request_throughput": 12.76531395428501, "input_throughput": 4312.454951920287, "output_throughput": 2804.8203126634107, "total_throughput": 7117.275264583698, "mean_e2e_latency_ms": 27554.453375358014, "median_e2e_latency_ms": 27627.526936000097, "std_e2e_latency_ms": 5756.685951495343, "p90_e2e_latency_ms": 34623.69751779984, "p95_e2e_latency_ms": 36042.89861050003, "p99_e2e_latency_ms": 37506.36769126991, "mean_ttft_ms": 12884.890648858, "median_ttft_ms": 12750.477845499972, "std_ttft_ms": 5854.273870394567, "p90_ttft_ms": 20800.762234900278, "p95_ttft_ms": 22420.888969699878, "p99_ttft_ms": 23320.888446289886, "mean_tpot_ms": 233.8948505674121, "median_tpot_ms": 86.5089580036986, "std_tpot_ms": 330.46429399115976, "p90_tpot_ms": 669.6782459123516, "p95_tpot_ms": 968.2548554346428, "p99_tpot_ms": 1521.1708849369884, "mean_itl_ms": 67.52688456268642, "median_itl_ms": 23.17196450007941, "std_itl_ms": 213.67037362627866, "p90_itl_ms": 121.92504200024825, "p95_itl_ms": 252.56434134983007, "p99_itl_ms": 1594.50716343993, "concurrency": 351.7412481751533, "accept_length": null, "max_output_tokens_per_s": 9393.0, "max_concurrent_requests": 500}
