{"tag": null, "backend": "vllm", "dataset_name": "sharegpt", "request_rate": 16.0, "max_concurrency": null, "sharegpt_output_len": null, "random_input_len": 1024, "random_output_len": 1024, "random_range_ratio": 0.0, "server_info": null, "duration": 32.78519173100358, "completed": 500, "total_input_tokens": 168913, "total_input_text_tokens": 168913, "total_input_vision_tokens": 0, "total_output_tokens": 109861, "total_output_tokens_retokenized": 109750, "request_throughput": 15.250787736805304, "input_throughput": 5152.112617973989, "output_throughput": 3350.933583106335, "total_throughput": 8503.046201080322, "mean_e2e_latency_ms": 1166.8791699919384, "median_e2e_latency_ms": 825.0860299958731, "std_e2e_latency_ms": 1151.8740414949157, "p90_e2e_latency_ms": 2784.4160237931646, "p95_e2e_latency_ms": 3493.572808307361, "p99_e2e_latency_ms": 4611.517841688909, "mean_ttft_ms": 31.947685074032055, "median_ttft_ms": 24.100827002257574, "std_ttft_ms": 25.26113506781269, "p90_ttft_ms": 55.9008182885009, "p95_ttft_ms": 77.29185079733713, "p99_ttft_ms": 155.98886433144796, "mean_tpot_ms": 5.029291939233159, "median_tpot_ms": 4.99200268537486, "std_tpot_ms": 1.2778225736208708, "p90_tpot_ms": 6.111727793810561, "p95_tpot_ms": 6.656522185014085, "p99_tpot_ms": 8.798098540129855, "mean_itl_ms": 5.383394338931274, "median_itl_ms": 4.213054999127053, "std_itl_ms": 5.39747427200583, "p90_itl_ms": 9.37154769198969, "p95_itl_ms": 9.862590803822966, "p99_itl_ms": 22.726633510319516, "concurrency": 17.795826536046604, "accept_length": null, "max_output_tokens_per_s": 5110.0, "max_concurrent_requests": 50}
