{"tag": null, "backend": "vllm", "dataset_name": "sharegpt", "request_rate": 16.0, "max_concurrency": null, "sharegpt_output_len": null, "random_input_len": 1024, "random_output_len": 1024, "random_range_ratio": 0.0, "server_info": null, "duration": 42.254981866999515, "completed": 500, "total_input_tokens": 168913, "total_input_text_tokens": 168913, "total_input_vision_tokens": 0, "total_output_tokens": 109861, "total_output_tokens_retokenized": 109739, "request_throughput": 11.832924259056238, "input_throughput": 3997.4694707399326, "output_throughput": 2599.953784048355, "total_throughput": 6597.4232547882875, "mean_e2e_latency_ms": 11511.079409659995, "median_e2e_latency_ms": 9083.917175000352, "std_e2e_latency_ms": 9777.480389687107, "p90_e2e_latency_ms": 26917.36220959993, "p95_e2e_latency_ms": 30869.79814714941, "p99_e2e_latency_ms": 35382.20892561039, "mean_ttft_ms": 430.5747334340085, "median_ttft_ms": 374.9767769995742, "std_ttft_ms": 250.5789918490099, "p90_ttft_ms": 795.346220200463, "p95_ttft_ms": 974.7470830501239, "p99_ttft_ms": 1208.2028527306918, "mean_tpot_ms": 65.33749184995808, "median_tpot_ms": 61.80801321592173, "std_tpot_ms": 37.436607113563134, "p90_tpot_ms": 98.61924933552902, "p95_tpot_ms": 120.18333630260254, "p99_tpot_ms": 219.2403471249836, "mean_itl_ms": 51.238743557719566, "median_itl_ms": 20.736487500016665, "std_itl_ms": 80.13311634909415, "p90_itl_ms": 140.60376399947927, "p95_itl_ms": 222.2858599996016, "p99_itl_ms": 381.0525757501182, "concurrency": 136.2097307944885, "accept_length": null, "max_output_tokens_per_s": 8426.0, "max_concurrent_requests": 244}
