{"tag": null, "backend": "vllm", "dataset_name": "sharegpt", "request_rate": Infinity, "max_concurrency": null, "sharegpt_output_len": null, "random_input_len": 1024, "random_output_len": 1024, "random_range_ratio": 0.0, "server_info": null, "duration": 12.392082952006604, "completed": 500, "total_input_tokens": 168913, "total_input_text_tokens": 168913, "total_input_vision_tokens": 0, "total_output_tokens": 109861, "total_output_tokens_retokenized": 109741, "request_throughput": 40.34834191608093, "input_throughput": 13630.718956141958, "output_throughput": 8865.418382485135, "total_throughput": 22496.137338627093, "mean_e2e_latency_ms": 7818.5726282618125, "median_e2e_latency_ms": 7736.457234001136, "std_e2e_latency_ms": 1992.537597506989, "p90_e2e_latency_ms": 10362.559244995646, "p95_e2e_latency_ms": 11018.348254760345, "p99_e2e_latency_ms": 11723.81954343713, "mean_ttft_ms": 3388.5211080058652, "median_ttft_ms": 3457.834989996627, "std_ttft_ms": 1609.167489218536, "p90_ttft_ms": 5528.524267009925, "p95_ttft_ms": 5998.91636635366, "p99_ttft_ms": 6257.5095317163505, "mean_tpot_ms": 62.63260666194643, "median_tpot_ms": 25.888235554883288, "std_tpot_ms": 80.54289772204378, "p90_tpot_ms": 170.47705971703763, "p95_tpot_ms": 268.1788726331916, "p99_tpot_ms": 355.6079718950932, "mean_itl_ms": 20.34334132945851, "median_itl_ms": 8.09652749740053, "std_itl_ms": 54.944508702981565, "p90_itl_ms": 29.63757800025639, "p95_itl_ms": 71.76602425461041, "p99_itl_ms": 370.7896036093007, "concurrency": 315.4664417008192, "accept_length": null, "max_output_tokens_per_s": 25556.0, "max_concurrent_requests": 500}
