bucket,tokens,mean_neg_log2_p
[0-64),480000,3.655703453047522
[64-128),480000,2.8024939551708803
[128-256),958794,2.6583402729577577
[256-512),1797091,2.4613078513695705
[512-1024),3045215,2.371156588038575
[1024+),6407315,2.243413986827469
