{
  "tag": "QWEN35_2B_int4",
  "model_path": "/private/tmp/qwen35_mlx_test/Qwen3.5-2B-mlx-4bit",
  "prompt_text": "The capital of France is",
  "prompt_tokens_n": 5,
  "coherence_sample_ids": [
    11751,
    13,
    271,
    760,
    6511,
    314,
    9338,
    369,
    11751,
    13,
    271,
    760,
    6511,
    314,
    9338,
    369,
    11751,
    13,
    271,
    760,
    6511,
    314,
    9338,
    369
  ],
  "coherence_sample_text": " Paris.\n\nThe capital of France is Paris.\n\nThe capital of France is Paris.\n\nThe capital of France is",
  "decode_tok_s_median": 89.26159478192604,
  "decode_tok_s_best": 89.85007931835356,
  "decode_tokens": 128,
  "decode_warmup": 16,
  "decode_runs": 5,
  "prefill_tok_s_median": 2691.2927534557502,
  "prefill_tokens": 1024,
  "prefill_runs": 3,
  "peak_mem_gib": 2.2819903399795294,
  "precision": "int4"
}