{
  "tag": "QWEN35_2B_bf16",
  "model_path": "/private/tmp/qwen35_mlx_test/Qwen3.5-2B",
  "prompt_text": "The capital of France is",
  "prompt_tokens_n": 5,
  "coherence_sample_ids": [
    11751,
    13,
    198,
    32,
    13,
    2912,
    198,
    33,
    13,
    3439,
    271,
    248068,
    198,
    90700,
    8340,
    25,
    271,
    16,
    13,
    220,
    2972,
    2014,
    53983,
    279
  ],
  "coherence_sample_text": " Paris.\nA. True\nB. False\n\n<think>\nThinking Process:\n\n1.  **Analyze the",
  "decode_tok_s_median": 27.514173427236145,
  "decode_tok_s_best": 27.650547802343137,
  "decode_tokens": 128,
  "decode_warmup": 16,
  "decode_runs": 5,
  "prefill_tok_s_median": 2800.5037630842835,
  "prefill_tokens": 1024,
  "prefill_runs": 3,
  "peak_mem_gib": 4.64713741466403,
  "precision": "bf16"
}