{
  "n": 150,
  "prompt_len": {
    "min": 8,
    "p50": 51,
    "p90": 856,
    "max": 1865,
    "mean": 243.67333333333335
  },
  "ttft_ms": {
    "p50": 71.77154184319079,
    "p90": 608.0740420147777,
    "p99": 1322.0547498203814,
    "max": 1375.4106659907848
  },
  "itl_ms": {
    "p50": 19.510250072926283,
    "p90": 27.718625031411648,
    "p99": 37.236667005345225
  },
  "decode_tok_s_stream": 48.042127888760305,
  "prefill_tok_s_agg": 1307.5178653838454,
  "total_prompt_tokens": 36551,
  "total_decoded_tokens": 19050,
  "wall_s": 424.5941424998455
}