{
  "n": 150,
  "prompt_len": {
    "min": 8,
    "p50": 51,
    "p90": 856,
    "max": 1865,
    "mean": 243.67333333333335
  },
  "ttft_ms": {
    "p50": 77.79595791362226,
    "p90": 630.975249921903,
    "p99": 1309.4695420004427,
    "max": 1406.7424999084324
  },
  "itl_ms": {
    "p50": 38.816916989162564,
    "p90": 48.6517078243196,
    "p99": 57.60350008495152
  },
  "decode_tok_s_stream": 25.618050054881923,
  "prefill_tok_s_agg": 1202.4004916190681,
  "total_prompt_tokens": 36551,
  "total_decoded_tokens": 19050,
  "wall_s": 774.1574527078774
}